<annotation><filename>104.png</filename><size><width>400</width><height>600</height><depth>3</depth></size><object><name>score</name><pose>0</pose><truncated>0</truncated><difficult>0</difficult><occluded>0</occluded><bndbox><xmin>96</xmin><xmax>488</xmax><ymin>354</ymin><ymax>544</ymax></bndbox></object><object><name>score</name><pose>0</pose><truncated>0</truncated><difficult>0</difficult><occluded>0</occluded><bndbox><xmin>25</xmin><xmax>302</xmax><ymin>273</ymin><ymax>344</ymax></bndbox></object><object><name>score</name><pose>0</pose><truncated>0</truncated><difficult>0</difficult><occluded>0</occluded><bndbox><xmin>133</xmin><xmax>254</xmax><ymin>387</ymin><ymax>296</ymax></bndbox></object><object><name>score</name><pose>0</pose><truncated>0</truncated><difficult>0</difficult><occluded>0</occluded><bndbox><xmin>108</xmin><xmax>14</xmax><ymin>349</ymin><ymax>70</ymax></bndbox></object><object><name>score</name><pose>0</pose><truncated>0</truncated><difficult>0</difficult><occluded>0</occluded><bndbox><xmin>27</xmin><xmax>421</xmax><ymin>282</ymin><ymax>463</ymax></bndbox></object><object><name>score</name><pose>0</pose><truncated>0</truncated><difficult>0</difficult><occluded>0</occluded><bndbox><xmin>85</xmin><xmax>143</xmax><ymin>326</ymin><ymax>199</ymax></bndbox></object></annotation>