<annotation><filename>105.png</filename><size><width>400</width><height>600</height><depth>3</depth></size><object><name>score</name><pose>0</pose><truncated>0</truncated><difficult>0</difficult><occluded>0</occluded><bndbox><xmin>94</xmin><xmax>124</xmax><ymin>353</ymin><ymax>178</ymax></bndbox></object><object><name>score</name><pose>0</pose><truncated>0</truncated><difficult>0</difficult><occluded>0</occluded><bndbox><xmin>67</xmin><xmax>422</xmax><ymin>321</ymin><ymax>469</ymax></bndbox></object><object><name>score</name><pose>0</pose><truncated>0</truncated><difficult>0</difficult><occluded>0</occluded><bndbox><xmin>116</xmin><xmax>189</xmax><ymin>362</ymin><ymax>237</ymax></bndbox></object><object><name>score</name><pose>0</pose><truncated>0</truncated><difficult>0</difficult><occluded>0</occluded><bndbox><xmin>93</xmin><xmax>16</xmax><ymin>333</ymin><ymax>58</ymax></bndbox></object><object><name>score</name><pose>0</pose><truncated>0</truncated><difficult>0</difficult><occluded>0</occluded><bndbox><xmin>23</xmin><xmax>61</xmax><ymin>269</ymin><ymax>105</ymax></bndbox></object><object><name>score</name><pose>0</pose><truncated>0</truncated><difficult>0</difficult><occluded>0</occluded><bndbox><xmin>46</xmin><xmax>312</xmax><ymin>292</ymin><ymax>368</ymax></bndbox></object></annotation>