<annotation><filename>107.png</filename><size><width>400</width><height>600</height><depth>3</depth></size><object><name>score</name><pose>0</pose><truncated>0</truncated><difficult>0</difficult><occluded>0</occluded><bndbox><xmin>64</xmin><xmax>128</xmax><ymin>315</ymin><ymax>168</ymax></bndbox></object><object><name>score</name><pose>0</pose><truncated>0</truncated><difficult>0</difficult><occluded>0</occluded><bndbox><xmin>135</xmin><xmax>241</xmax><ymin>389</ymin><ymax>299</ymax></bndbox></object><object><name>score</name><pose>0</pose><truncated>0</truncated><difficult>0</difficult><occluded>0</occluded><bndbox><xmin>76</xmin><xmax>445</xmax><ymin>332</ymin><ymax>490</ymax></bndbox></object><object><name>score</name><pose>0</pose><truncated>0</truncated><difficult>0</difficult><occluded>0</occluded><bndbox><xmin>1</xmin><xmax>313</xmax><ymin>257</ymin><ymax>361</ymax></bndbox></object><object><name>score</name><pose>0</pose><truncated>0</truncated><difficult>0</difficult><occluded>0</occluded><bndbox><xmin>138</xmin><xmax>489</xmax><ymin>386</ymin><ymax>533</ymax></bndbox></object><object><name>score</name><pose>0</pose><truncated>0</truncated><difficult>0</difficult><occluded>0</occluded><bndbox><xmin>28</xmin><xmax>8</xmax><ymin>281</ymin><ymax>55</ymax></bndbox></object><object><name>score</name><pose>0</pose><truncated>0</truncated><difficult>0</difficult><occluded>0</occluded><bndbox><xmin>99</xmin><xmax>373</xmax><ymin>355</ymin><ymax>431</ymax></bndbox></object><object><name>score</name><pose>0</pose><truncated>0</truncated><difficult>0</difficult><occluded>0</occluded><bndbox><xmin>26</xmin><xmax>201</xmax><ymin>285</ymin><ymax>245</ymax></bndbox></object></annotation>