<annotation><filename>11.png</filename><size><width>400</width><height>600</height><depth>3</depth></size><object><name>score</name><pose>0</pose><truncated>0</truncated><difficult>0</difficult><occluded>0</occluded><bndbox><xmin>46</xmin><xmax>204</xmax><ymin>301</ymin><ymax>252</ymax></bndbox></object><object><name>score</name><pose>0</pose><truncated>0</truncated><difficult>0</difficult><occluded>0</occluded><bndbox><xmin>65</xmin><xmax>315</xmax><ymin>320</ymin><ymax>363</ymax></bndbox></object><object><name>score</name><pose>0</pose><truncated>0</truncated><difficult>0</difficult><occluded>0</occluded><bndbox><xmin>63</xmin><xmax>483</xmax><ymin>304</ymin><ymax>539</ymax></bndbox></object><object><name>score</name><pose>0</pose><truncated>0</truncated><difficult>0</difficult><occluded>0</occluded><bndbox><xmin>90</xmin><xmax>365</xmax><ymin>330</ymin><ymax>410</ymax></bndbox></object><object><name>score</name><pose>0</pose><truncated>0</truncated><difficult>0</difficult><occluded>0</occluded><bndbox><xmin>11</xmin><xmax>241</xmax><ymin>251</ymin><ymax>299</ymax></bndbox></object><object><name>score</name><pose>0</pose><truncated>0</truncated><difficult>0</difficult><occluded>0</occluded><bndbox><xmin>3</xmin><xmax>0</xmax><ymin>256</ymin><ymax>55</ymax></bndbox></object><object><name>score</name><pose>0</pose><truncated>0</truncated><difficult>0</difficult><occluded>0</occluded><bndbox><xmin>134</xmin><xmax>120</xmax><ymin>388</ymin><ymax>169</ymax></bndbox></object><object><name>score</name><pose>0</pose><truncated>0</truncated><difficult>0</difficult><occluded>0</occluded><bndbox><xmin>62</xmin><xmax>73</xmax><ymin>314</ymin><ymax>128</ymax></bndbox></object></annotation>