<annotation><filename>134.png</filename><size><width>400</width><height>600</height><depth>3</depth></size><object><name>score</name><pose>0</pose><truncated>0</truncated><difficult>0</difficult><occluded>0</occluded><bndbox><xmin>95</xmin><xmax>382</xmax><ymin>349</ymin><ymax>439</ymax></bndbox></object><object><name>score</name><pose>0</pose><truncated>0</truncated><difficult>0</difficult><occluded>0</occluded><bndbox><xmin>24</xmin><xmax>443</xmax><ymin>270</ymin><ymax>494</ymax></bndbox></object><object><name>score</name><pose>0</pose><truncated>0</truncated><difficult>0</difficult><occluded>0</occluded><bndbox><xmin>83</xmin><xmax>245</xmax><ymin>337</ymin><ymax>290</ymax></bndbox></object></annotation>