<annotation><filename>135.png</filename><size><width>400</width><height>600</height><depth>3</depth></size><object><name>score</name><pose>0</pose><truncated>0</truncated><difficult>0</difficult><occluded>0</occluded><bndbox><xmin>50</xmin><xmax>141</xmax><ymin>298</ymin><ymax>200</ymax></bndbox></object><object><name>score</name><pose>0</pose><truncated>0</truncated><difficult>0</difficult><occluded>0</occluded><bndbox><xmin>5</xmin><xmax>302</xmax><ymin>250</ymin><ymax>352</ymax></bndbox></object><object><name>score</name><pose>0</pose><truncated>0</truncated><difficult>0</difficult><occluded>0</occluded><bndbox><xmin>28</xmin><xmax>445</xmax><ymin>274</ymin><ymax>493</ymax></bndbox></object><object><name>score</name><pose>0</pose><truncated>0</truncated><difficult>0</difficult><occluded>0</occluded><bndbox><xmin>60</xmin><xmax>373</xmax><ymin>315</ymin><ymax>432</ymax></bndbox></object><object><name>score</name><pose>0</pose><truncated>0</truncated><difficult>0</difficult><occluded>0</occluded><bndbox><xmin>60</xmin><xmax>62</xmax><ymin>307</ymin><ymax>109</ymax></bndbox></object></annotation>