<annotation><filename>138.png</filename><size><width>400</width><height>600</height><depth>3</depth></size><object><name>score</name><pose>0</pose><truncated>0</truncated><difficult>0</difficult><occluded>0</occluded><bndbox><xmin>33</xmin><xmax>14</xmax><ymin>286</ymin><ymax>61</ymax></bndbox></object><object><name>score</name><pose>0</pose><truncated>0</truncated><difficult>0</difficult><occluded>0</occluded><bndbox><xmin>93</xmin><xmax>304</xmax><ymin>334</ymin><ymax>349</ymax></bndbox></object><object><name>score</name><pose>0</pose><truncated>0</truncated><difficult>0</difficult><occluded>0</occluded><bndbox><xmin>132</xmin><xmax>505</xmax><ymin>386</ymin><ymax>563</ymax></bndbox></object><object><name>score</name><pose>0</pose><truncated>0</truncated><difficult>0</difficult><occluded>0</occluded><bndbox><xmin>123</xmin><xmax>188</xmax><ymin>374</ymin><ymax>241</ymax></bndbox></object><object><name>score</name><pose>0</pose><truncated>0</truncated><difficult>0</difficult><occluded>0</occluded><bndbox><xmin>79</xmin><xmax>365</xmax><ymin>329</ymin><ymax>409</ymax></bndbox></object><object><name>score</name><pose>0</pose><truncated>0</truncated><difficult>0</difficult><occluded>0</occluded><bndbox><xmin>15</xmin><xmax>135</xmax><ymin>273</ymin><ymax>177</ymax></bndbox></object><object><name>score</name><pose>0</pose><truncated>0</truncated><difficult>0</difficult><occluded>0</occluded><bndbox><xmin>70</xmin><xmax>66</xmax><ymin>325</ymin><ymax>113</ymax></bndbox></object></annotation>