<annotation><filename>15.png</filename><size><width>400</width><height>600</height><depth>3</depth></size><object><name>score</name><pose>0</pose><truncated>0</truncated><difficult>0</difficult><occluded>0</occluded><bndbox><xmin>125</xmin><xmax>423</xmax><ymin>374</ymin><ymax>478</ymax></bndbox></object><object><name>score</name><pose>0</pose><truncated>0</truncated><difficult>0</difficult><occluded>0</occluded><bndbox><xmin>29</xmin><xmax>67</xmax><ymin>280</ymin><ymax>113</ymax></bndbox></object><object><name>score</name><pose>0</pose><truncated>0</truncated><difficult>0</difficult><occluded>0</occluded><bndbox><xmin>76</xmin><xmax>310</xmax><ymin>316</ymin><ymax>355</ymax></bndbox></object><object><name>score</name><pose>0</pose><truncated>0</truncated><difficult>0</difficult><occluded>0</occluded><bndbox><xmin>48</xmin><xmax>487</xmax><ymin>307</ymin><ymax>528</ymax></bndbox></object></annotation>