<annotation><filename>153.png</filename><size><width>400</width><height>600</height><depth>3</depth></size><object><name>score</name><pose>0</pose><truncated>0</truncated><difficult>0</difficult><occluded>0</occluded><bndbox><xmin>70</xmin><xmax>196</xmax><ymin>324</ymin><ymax>240</ymax></bndbox></object><object><name>score</name><pose>0</pose><truncated>0</truncated><difficult>0</difficult><occluded>0</occluded><bndbox><xmin>14</xmin><xmax>373</xmax><ymin>256</ymin><ymax>418</ymax></bndbox></object><object><name>score</name><pose>0</pose><truncated>0</truncated><difficult>0</difficult><occluded>0</occluded><bndbox><xmin>108</xmin><xmax>134</xmax><ymin>354</ymin><ymax>187</ymax></bndbox></object></annotation>