<annotation><filename>164.png</filename><size><width>400</width><height>600</height><depth>3</depth></size><object><name>score</name><pose>0</pose><truncated>0</truncated><difficult>0</difficult><occluded>0</occluded><bndbox><xmin>6</xmin><xmax>486</xmax><ymin>247</ymin><ymax>528</ymax></bndbox></object><object><name>score</name><pose>0</pose><truncated>0</truncated><difficult>0</difficult><occluded>0</occluded><bndbox><xmin>72</xmin><xmax>122</xmax><ymin>328</ymin><ymax>163</ymax></bndbox></object><object><name>score</name><pose>0</pose><truncated>0</truncated><difficult>0</difficult><occluded>0</occluded><bndbox><xmin>56</xmin><xmax>5</xmax><ymin>314</ymin><ymax>62</ymax></bndbox></object><object><name>score</name><pose>0</pose><truncated>0</truncated><difficult>0</difficult><occluded>0</occluded><bndbox><xmin>54</xmin><xmax>322</xmax><ymin>309</ymin><ymax>368</ymax></bndbox></object><object><name>score</name><pose>0</pose><truncated>0</truncated><difficult>0</difficult><occluded>0</occluded><bndbox><xmin>104</xmin><xmax>372</xmax><ymin>347</ymin><ymax>414</ymax></bndbox></object><object><name>score</name><pose>0</pose><truncated>0</truncated><difficult>0</difficult><occluded>0</occluded><bndbox><xmin>107</xmin><xmax>203</xmax><ymin>361</ymin><ymax>248</ymax></bndbox></object><object><name>score</name><pose>0</pose><truncated>0</truncated><difficult>0</difficult><occluded>0</occluded><bndbox><xmin>87</xmin><xmax>438</xmax><ymin>333</ymin><ymax>488</ymax></bndbox></object><object><name>score</name><pose>0</pose><truncated>0</truncated><difficult>0</difficult><occluded>0</occluded><bndbox><xmin>57</xmin><xmax>78</xmax><ymin>314</ymin><ymax>125</ymax></bndbox></object><object><name>score</name><pose>0</pose><truncated>0</truncated><difficult>0</difficult><occluded>0</occluded><bndbox><xmin>66</xmin><xmax>250</xmax><ymin>309</ymin><ymax>294</ymax></bndbox></object></annotation>