<annotation><filename>17.png</filename><size><width>400</width><height>600</height><depth>3</depth></size><object><name>score</name><pose>0</pose><truncated>0</truncated><difficult>0</difficult><occluded>0</occluded><bndbox><xmin>137</xmin><xmax>364</xmax><ymin>396</ymin><ymax>410</ymax></bndbox></object><object><name>score</name><pose>0</pose><truncated>0</truncated><difficult>0</difficult><occluded>0</occluded><bndbox><xmin>120</xmin><xmax>261</xmax><ymin>372</ymin><ymax>310</ymax></bndbox></object><object><name>score</name><pose>0</pose><truncated>0</truncated><difficult>0</difficult><occluded>0</occluded><bndbox><xmin>76</xmin><xmax>72</xmax><ymin>334</ymin><ymax>124</ymax></bndbox></object></annotation>