<annotation><filename>175.png</filename><size><width>400</width><height>600</height><depth>3</depth></size><object><name>score</name><pose>0</pose><truncated>0</truncated><difficult>0</difficult><occluded>0</occluded><bndbox><xmin>90</xmin><xmax>265</xmax><ymin>345</ymin><ymax>319</ymax></bndbox></object><object><name>score</name><pose>0</pose><truncated>0</truncated><difficult>0</difficult><occluded>0</occluded><bndbox><xmin>35</xmin><xmax>372</xmax><ymin>290</ymin><ymax>412</ymax></bndbox></object><object><name>score</name><pose>0</pose><truncated>0</truncated><difficult>0</difficult><occluded>0</occluded><bndbox><xmin>111</xmin><xmax>318</xmax><ymin>361</ymin><ymax>367</ymax></bndbox></object><object><name>score</name><pose>0</pose><truncated>0</truncated><difficult>0</difficult><occluded>0</occluded><bndbox><xmin>110</xmin><xmax>487</xmax><ymin>367</ymin><ymax>528</ymax></bndbox></object><object><name>score</name><pose>0</pose><truncated>0</truncated><difficult>0</difficult><occluded>0</occluded><bndbox><xmin>24</xmin><xmax>139</xmax><ymin>266</ymin><ymax>188</ymax></bndbox></object><object><name>score</name><pose>0</pose><truncated>0</truncated><difficult>0</difficult><occluded>0</occluded><bndbox><xmin>127</xmin><xmax>194</xmax><ymin>380</ymin><ymax>236</ymax></bndbox></object><object><name>score</name><pose>0</pose><truncated>0</truncated><difficult>0</difficult><occluded>0</occluded><bndbox><xmin>19</xmin><xmax>21</xmax><ymin>265</ymin><ymax>68</ymax></bndbox></object><object><name>score</name><pose>0</pose><truncated>0</truncated><difficult>0</difficult><occluded>0</occluded><bndbox><xmin>53</xmin><xmax>444</xmax><ymin>305</ymin><ymax>489</ymax></bndbox></object></annotation>