<annotation><filename>178.png</filename><size><width>400</width><height>600</height><depth>3</depth></size><object><name>score</name><pose>0</pose><truncated>0</truncated><difficult>0</difficult><occluded>0</occluded><bndbox><xmin>84</xmin><xmax>320</xmax><ymin>337</ymin><ymax>370</ymax></bndbox></object><object><name>score</name><pose>0</pose><truncated>0</truncated><difficult>0</difficult><occluded>0</occluded><bndbox><xmin>6</xmin><xmax>365</xmax><ymin>258</ymin><ymax>411</ymax></bndbox></object><object><name>score</name><pose>0</pose><truncated>0</truncated><difficult>0</difficult><occluded>0</occluded><bndbox><xmin>21</xmin><xmax>84</xmax><ymin>280</ymin><ymax>128</ymax></bndbox></object></annotation>