<annotation><filename>180.png</filename><size><width>400</width><height>600</height><depth>3</depth></size><object><name>score</name><pose>0</pose><truncated>0</truncated><difficult>0</difficult><occluded>0</occluded><bndbox><xmin>112</xmin><xmax>433</xmax><ymin>360</ymin><ymax>483</ymax></bndbox></object><object><name>score</name><pose>0</pose><truncated>0</truncated><difficult>0</difficult><occluded>0</occluded><bndbox><xmin>0</xmin><xmax>191</xmax><ymin>247</ymin><ymax>235</ymax></bndbox></object><object><name>score</name><pose>0</pose><truncated>0</truncated><difficult>0</difficult><occluded>0</occluded><bndbox><xmin>132</xmin><xmax>68</xmax><ymin>384</ymin><ymax>110</ymax></bndbox></object></annotation>