<annotation><filename>181.png</filename><size><width>400</width><height>600</height><depth>3</depth></size><object><name>score</name><pose>0</pose><truncated>0</truncated><difficult>0</difficult><occluded>0</occluded><bndbox><xmin>139</xmin><xmax>82</xmax><ymin>384</ymin><ymax>130</ymax></bndbox></object><object><name>score</name><pose>0</pose><truncated>0</truncated><difficult>0</difficult><occluded>0</occluded><bndbox><xmin>15</xmin><xmax>251</xmax><ymin>258</ymin><ymax>297</ymax></bndbox></object><object><name>score</name><pose>0</pose><truncated>0</truncated><difficult>0</difficult><occluded>0</occluded><bndbox><xmin>21</xmin><xmax>494</xmax><ymin>279</ymin><ymax>537</ymax></bndbox></object><object><name>score</name><pose>0</pose><truncated>0</truncated><difficult>0</difficult><occluded>0</occluded><bndbox><xmin>2</xmin><xmax>196</xmax><ymin>255</ymin><ymax>245</ymax></bndbox></object><object><name>score</name><pose>0</pose><truncated>0</truncated><difficult>0</difficult><occluded>0</occluded><bndbox><xmin>42</xmin><xmax>126</xmax><ymin>300</ymin><ymax>179</ymax></bndbox></object><object><name>score</name><pose>0</pose><truncated>0</truncated><difficult>0</difficult><occluded>0</occluded><bndbox><xmin>77</xmin><xmax>18</xmax><ymin>329</ymin><ymax>76</ymax></bndbox></object></annotation>