<annotation><filename>182.png</filename><size><width>400</width><height>600</height><depth>3</depth></size><object><name>score</name><pose>0</pose><truncated>0</truncated><difficult>0</difficult><occluded>0</occluded><bndbox><xmin>24</xmin><xmax>443</xmax><ymin>277</ymin><ymax>493</ymax></bndbox></object><object><name>score</name><pose>0</pose><truncated>0</truncated><difficult>0</difficult><occluded>0</occluded><bndbox><xmin>30</xmin><xmax>366</xmax><ymin>275</ymin><ymax>413</ymax></bndbox></object><object><name>score</name><pose>0</pose><truncated>0</truncated><difficult>0</difficult><occluded>0</occluded><bndbox><xmin>117</xmin><xmax>259</xmax><ymin>358</ymin><ymax>303</ymax></bndbox></object></annotation>