<annotation><filename>183.png</filename><size><width>400</width><height>600</height><depth>3</depth></size><object><name>score</name><pose>0</pose><truncated>0</truncated><difficult>0</difficult><occluded>0</occluded><bndbox><xmin>73</xmin><xmax>437</xmax><ymin>331</ymin><ymax>494</ymax></bndbox></object><object><name>score</name><pose>0</pose><truncated>0</truncated><difficult>0</difficult><occluded>0</occluded><bndbox><xmin>109</xmin><xmax>385</xmax><ymin>363</ymin><ymax>436</ymax></bndbox></object><object><name>score</name><pose>0</pose><truncated>0</truncated><difficult>0</difficult><occluded>0</occluded><bndbox><xmin>66</xmin><xmax>254</xmax><ymin>325</ymin><ymax>305</ymax></bndbox></object></annotation>