<annotation><filename>184.png</filename><size><width>400</width><height>600</height><depth>3</depth></size><object><name>score</name><pose>0</pose><truncated>0</truncated><difficult>0</difficult><occluded>0</occluded><bndbox><xmin>74</xmin><xmax>185</xmax><ymin>327</ymin><ymax>242</ymax></bndbox></object><object><name>score</name><pose>0</pose><truncated>0</truncated><difficult>0</difficult><occluded>0</occluded><bndbox><xmin>37</xmin><xmax>364</xmax><ymin>278</ymin><ymax>419</ymax></bndbox></object><object><name>score</name><pose>0</pose><truncated>0</truncated><difficult>0</difficult><occluded>0</occluded><bndbox><xmin>1</xmin><xmax>80</xmax><ymin>251</ymin><ymax>134</ymax></bndbox></object><object><name>score</name><pose>0</pose><truncated>0</truncated><difficult>0</difficult><occluded>0</occluded><bndbox><xmin>26</xmin><xmax>420</xmax><ymin>276</ymin><ymax>477</ymax></bndbox></object><object><name>score</name><pose>0</pose><truncated>0</truncated><difficult>0</difficult><occluded>0</occluded><bndbox><xmin>138</xmin><xmax>16</xmax><ymin>395</ymin><ymax>61</ymax></bndbox></object><object><name>score</name><pose>0</pose><truncated>0</truncated><difficult>0</difficult><occluded>0</occluded><bndbox><xmin>131</xmin><xmax>489</xmax><ymin>377</ymin><ymax>535</ymax></bndbox></object><object><name>score</name><pose>0</pose><truncated>0</truncated><difficult>0</difficult><occluded>0</occluded><bndbox><xmin>56</xmin><xmax>139</xmax><ymin>307</ymin><ymax>179</ymax></bndbox></object></annotation>