<annotation><filename>193.png</filename><size><width>400</width><height>600</height><depth>3</depth></size><object><name>score</name><pose>0</pose><truncated>0</truncated><difficult>0</difficult><occluded>0</occluded><bndbox><xmin>36</xmin><xmax>500</xmax><ymin>289</ymin><ymax>545</ymax></bndbox></object><object><name>score</name><pose>0</pose><truncated>0</truncated><difficult>0</difficult><occluded>0</occluded><bndbox><xmin>61</xmin><xmax>318</xmax><ymin>316</ymin><ymax>361</ymax></bndbox></object><object><name>score</name><pose>0</pose><truncated>0</truncated><difficult>0</difficult><occluded>0</occluded><bndbox><xmin>14</xmin><xmax>369</xmax><ymin>262</ymin><ymax>418</ymax></bndbox></object><object><name>score</name><pose>0</pose><truncated>0</truncated><difficult>0</difficult><occluded>0</occluded><bndbox><xmin>81</xmin><xmax>203</xmax><ymin>323</ymin><ymax>259</ymax></bndbox></object><object><name>score</name><pose>0</pose><truncated>0</truncated><difficult>0</difficult><occluded>0</occluded><bndbox><xmin>43</xmin><xmax>428</xmax><ymin>295</ymin><ymax>478</ymax></bndbox></object><object><name>score</name><pose>0</pose><truncated>0</truncated><difficult>0</difficult><occluded>0</occluded><bndbox><xmin>111</xmin><xmax>242</xmax><ymin>357</ymin><ymax>290</ymax></bndbox></object><object><name>score</name><pose>0</pose><truncated>0</truncated><difficult>0</difficult><occluded>0</occluded><bndbox><xmin>32</xmin><xmax>83</xmax><ymin>276</ymin><ymax>141</ymax></bndbox></object><object><name>score</name><pose>0</pose><truncated>0</truncated><difficult>0</difficult><occluded>0</occluded><bndbox><xmin>112</xmin><xmax>15</xmax><ymin>355</ymin><ymax>67</ymax></bndbox></object></annotation>