<annotation><filename>194.png</filename><size><width>400</width><height>600</height><depth>3</depth></size><object><name>score</name><pose>0</pose><truncated>0</truncated><difficult>0</difficult><occluded>0</occluded><bndbox><xmin>42</xmin><xmax>260</xmax><ymin>290</ymin><ymax>303</ymax></bndbox></object><object><name>score</name><pose>0</pose><truncated>0</truncated><difficult>0</difficult><occluded>0</occluded><bndbox><xmin>105</xmin><xmax>425</xmax><ymin>345</ymin><ymax>469</ymax></bndbox></object><object><name>score</name><pose>0</pose><truncated>0</truncated><difficult>0</difficult><occluded>0</occluded><bndbox><xmin>108</xmin><xmax>484</xmax><ymin>356</ymin><ymax>543</ymax></bndbox></object></annotation>