<annotation><filename>197.png</filename><size><width>400</width><height>600</height><depth>3</depth></size><object><name>score</name><pose>0</pose><truncated>0</truncated><difficult>0</difficult><occluded>0</occluded><bndbox><xmin>66</xmin><xmax>14</xmax><ymin>307</ymin><ymax>64</ymax></bndbox></object><object><name>score</name><pose>0</pose><truncated>0</truncated><difficult>0</difficult><occluded>0</occluded><bndbox><xmin>56</xmin><xmax>483</xmax><ymin>297</ymin><ymax>537</ymax></bndbox></object><object><name>score</name><pose>0</pose><truncated>0</truncated><difficult>0</difficult><occluded>0</occluded><bndbox><xmin>88</xmin><xmax>441</xmax><ymin>340</ymin><ymax>486</ymax></bndbox></object><object><name>score</name><pose>0</pose><truncated>0</truncated><difficult>0</difficult><occluded>0</occluded><bndbox><xmin>23</xmin><xmax>367</xmax><ymin>279</ymin><ymax>411</ymax></bndbox></object><object><name>score</name><pose>0</pose><truncated>0</truncated><difficult>0</difficult><occluded>0</occluded><bndbox><xmin>60</xmin><xmax>242</xmax><ymin>303</ymin><ymax>295</ymax></bndbox></object><object><name>score</name><pose>0</pose><truncated>0</truncated><difficult>0</difficult><occluded>0</occluded><bndbox><xmin>41</xmin><xmax>181</xmax><ymin>283</ymin><ymax>235</ymax></bndbox></object><object><name>score</name><pose>0</pose><truncated>0</truncated><difficult>0</difficult><occluded>0</occluded><bndbox><xmin>108</xmin><xmax>77</xmax><ymin>367</ymin><ymax>129</ymax></bndbox></object></annotation>