<annotation><filename>203.png</filename><size><width>400</width><height>600</height><depth>3</depth></size><object><name>score</name><pose>0</pose><truncated>0</truncated><difficult>0</difficult><occluded>0</occluded><bndbox><xmin>83</xmin><xmax>247</xmax><ymin>326</ymin><ymax>287</ymax></bndbox></object><object><name>score</name><pose>0</pose><truncated>0</truncated><difficult>0</difficult><occluded>0</occluded><bndbox><xmin>136</xmin><xmax>422</xmax><ymin>379</ymin><ymax>474</ymax></bndbox></object><object><name>score</name><pose>0</pose><truncated>0</truncated><difficult>0</difficult><occluded>0</occluded><bndbox><xmin>101</xmin><xmax>80</xmax><ymin>347</ymin><ymax>128</ymax></bndbox></object><object><name>score</name><pose>0</pose><truncated>0</truncated><difficult>0</difficult><occluded>0</occluded><bndbox><xmin>51</xmin><xmax>3</xmax><ymin>297</ymin><ymax>47</ymax></bndbox></object></annotation>