<annotation><filename>205.png</filename><size><width>400</width><height>600</height><depth>3</depth></size><object><name>score</name><pose>0</pose><truncated>0</truncated><difficult>0</difficult><occluded>0</occluded><bndbox><xmin>44</xmin><xmax>18</xmax><ymin>296</ymin><ymax>67</ymax></bndbox></object><object><name>score</name><pose>0</pose><truncated>0</truncated><difficult>0</difficult><occluded>0</occluded><bndbox><xmin>139</xmin><xmax>375</xmax><ymin>390</ymin><ymax>419</ymax></bndbox></object><object><name>score</name><pose>0</pose><truncated>0</truncated><difficult>0</difficult><occluded>0</occluded><bndbox><xmin>43</xmin><xmax>440</xmax><ymin>293</ymin><ymax>488</ymax></bndbox></object></annotation>