<annotation><filename>207.png</filename><size><width>400</width><height>600</height><depth>3</depth></size><object><name>score</name><pose>0</pose><truncated>0</truncated><difficult>0</difficult><occluded>0</occluded><bndbox><xmin>95</xmin><xmax>302</xmax><ymin>346</ymin><ymax>352</ymax></bndbox></object><object><name>score</name><pose>0</pose><truncated>0</truncated><difficult>0</difficult><occluded>0</occluded><bndbox><xmin>121</xmin><xmax>444</xmax><ymin>361</ymin><ymax>485</ymax></bndbox></object><object><name>score</name><pose>0</pose><truncated>0</truncated><difficult>0</difficult><occluded>0</occluded><bndbox><xmin>111</xmin><xmax>82</xmax><ymin>368</ymin><ymax>133</ymax></bndbox></object><object><name>score</name><pose>0</pose><truncated>0</truncated><difficult>0</difficult><occluded>0</occluded><bndbox><xmin>7</xmin><xmax>369</xmax><ymin>253</ymin><ymax>427</ymax></bndbox></object></annotation>