<annotation><filename>208.png</filename><size><width>400</width><height>600</height><depth>3</depth></size><object><name>score</name><pose>0</pose><truncated>0</truncated><difficult>0</difficult><occluded>0</occluded><bndbox><xmin>35</xmin><xmax>10</xmax><ymin>293</ymin><ymax>69</ymax></bndbox></object><object><name>score</name><pose>0</pose><truncated>0</truncated><difficult>0</difficult><occluded>0</occluded><bndbox><xmin>18</xmin><xmax>198</xmax><ymin>266</ymin><ymax>245</ymax></bndbox></object><object><name>score</name><pose>0</pose><truncated>0</truncated><difficult>0</difficult><occluded>0</occluded><bndbox><xmin>19</xmin><xmax>385</xmax><ymin>268</ymin><ymax>426</ymax></bndbox></object><object><name>score</name><pose>0</pose><truncated>0</truncated><difficult>0</difficult><occluded>0</occluded><bndbox><xmin>52</xmin><xmax>135</xmax><ymin>296</ymin><ymax>187</ymax></bndbox></object></annotation>