<annotation><filename>209.png</filename><size><width>400</width><height>600</height><depth>3</depth></size><object><name>score</name><pose>0</pose><truncated>0</truncated><difficult>0</difficult><occluded>0</occluded><bndbox><xmin>60</xmin><xmax>240</xmax><ymin>308</ymin><ymax>288</ymax></bndbox></object><object><name>score</name><pose>0</pose><truncated>0</truncated><difficult>0</difficult><occluded>0</occluded><bndbox><xmin>53</xmin><xmax>83</xmax><ymin>300</ymin><ymax>128</ymax></bndbox></object><object><name>score</name><pose>0</pose><truncated>0</truncated><difficult>0</difficult><occluded>0</occluded><bndbox><xmin>30</xmin><xmax>308</xmax><ymin>286</ymin><ymax>359</ymax></bndbox></object><object><name>score</name><pose>0</pose><truncated>0</truncated><difficult>0</difficult><occluded>0</occluded><bndbox><xmin>62</xmin><xmax>362</xmax><ymin>303</ymin><ymax>403</ymax></bndbox></object><object><name>score</name><pose>0</pose><truncated>0</truncated><difficult>0</difficult><occluded>0</occluded><bndbox><xmin>103</xmin><xmax>136</xmax><ymin>348</ymin><ymax>190</ymax></bndbox></object><object><name>score</name><pose>0</pose><truncated>0</truncated><difficult>0</difficult><occluded>0</occluded><bndbox><xmin>7</xmin><xmax>196</xmax><ymin>247</ymin><ymax>249</ymax></bndbox></object><object><name>score</name><pose>0</pose><truncated>0</truncated><difficult>0</difficult><occluded>0</occluded><bndbox><xmin>100</xmin><xmax>491</xmax><ymin>345</ymin><ymax>536</ymax></bndbox></object></annotation>