<annotation><filename>213.png</filename><size><width>400</width><height>600</height><depth>3</depth></size><object><name>score</name><pose>0</pose><truncated>0</truncated><difficult>0</difficult><occluded>0</occluded><bndbox><xmin>15</xmin><xmax>489</xmax><ymin>264</ymin><ymax>545</ymax></bndbox></object><object><name>score</name><pose>0</pose><truncated>0</truncated><difficult>0</difficult><occluded>0</occluded><bndbox><xmin>63</xmin><xmax>60</xmax><ymin>319</ymin><ymax>113</ymax></bndbox></object></annotation>