<annotation><filename>215.png</filename><size><width>400</width><height>600</height><depth>3</depth></size><object><name>score</name><pose>0</pose><truncated>0</truncated><difficult>0</difficult><occluded>0</occluded><bndbox><xmin>87</xmin><xmax>85</xmax><ymin>333</ymin><ymax>143</ymax></bndbox></object><object><name>score</name><pose>0</pose><truncated>0</truncated><difficult>0</difficult><occluded>0</occluded><bndbox><xmin>31</xmin><xmax>124</xmax><ymin>271</ymin><ymax>183</ymax></bndbox></object><object><name>score</name><pose>0</pose><truncated>0</truncated><difficult>0</difficult><occluded>0</occluded><bndbox><xmin>20</xmin><xmax>483</xmax><ymin>265</ymin><ymax>537</ymax></bndbox></object><object><name>score</name><pose>0</pose><truncated>0</truncated><difficult>0</difficult><occluded>0</occluded><bndbox><xmin>38</xmin><xmax>427</xmax><ymin>283</ymin><ymax>484</ymax></bndbox></object><object><name>score</name><pose>0</pose><truncated>0</truncated><difficult>0</difficult><occluded>0</occluded><bndbox><xmin>73</xmin><xmax>200</xmax><ymin>325</ymin><ymax>246</ymax></bndbox></object><object><name>score</name><pose>0</pose><truncated>0</truncated><difficult>0</difficult><occluded>0</occluded><bndbox><xmin>137</xmin><xmax>312</xmax><ymin>393</ymin><ymax>353</ymax></bndbox></object></annotation>