<annotation><filename>224.png</filename><size><width>400</width><height>600</height><depth>3</depth></size><object><name>score</name><pose>0</pose><truncated>0</truncated><difficult>0</difficult><occluded>0</occluded><bndbox><xmin>22</xmin><xmax>439</xmax><ymin>265</ymin><ymax>494</ymax></bndbox></object><object><name>score</name><pose>0</pose><truncated>0</truncated><difficult>0</difficult><occluded>0</occluded><bndbox><xmin>56</xmin><xmax>322</xmax><ymin>314</ymin><ymax>370</ymax></bndbox></object><object><name>score</name><pose>0</pose><truncated>0</truncated><difficult>0</difficult><occluded>0</occluded><bndbox><xmin>114</xmin><xmax>139</xmax><ymin>356</ymin><ymax>179</ymax></bndbox></object><object><name>score</name><pose>0</pose><truncated>0</truncated><difficult>0</difficult><occluded>0</occluded><bndbox><xmin>64</xmin><xmax>70</xmax><ymin>321</ymin><ymax>122</ymax></bndbox></object><object><name>score</name><pose>0</pose><truncated>0</truncated><difficult>0</difficult><occluded>0</occluded><bndbox><xmin>105</xmin><xmax>2</xmax><ymin>354</ymin><ymax>59</ymax></bndbox></object></annotation>