<annotation><filename>232.png</filename><size><width>400</width><height>600</height><depth>3</depth></size><object><name>score</name><pose>0</pose><truncated>0</truncated><difficult>0</difficult><occluded>0</occluded><bndbox><xmin>33</xmin><xmax>433</xmax><ymin>292</ymin><ymax>478</ymax></bndbox></object><object><name>score</name><pose>0</pose><truncated>0</truncated><difficult>0</difficult><occluded>0</occluded><bndbox><xmin>11</xmin><xmax>202</xmax><ymin>253</ymin><ymax>243</ymax></bndbox></object><object><name>score</name><pose>0</pose><truncated>0</truncated><difficult>0</difficult><occluded>0</occluded><bndbox><xmin>11</xmin><xmax>77</xmax><ymin>251</ymin><ymax>135</ymax></bndbox></object></annotation>