<annotation><filename>238.png</filename><size><width>400</width><height>600</height><depth>3</depth></size><object><name>score</name><pose>0</pose><truncated>0</truncated><difficult>0</difficult><occluded>0</occluded><bndbox><xmin>115</xmin><xmax>374</xmax><ymin>369</ymin><ymax>421</ymax></bndbox></object><object><name>score</name><pose>0</pose><truncated>0</truncated><difficult>0</difficult><occluded>0</occluded><bndbox><xmin>118</xmin><xmax>308</xmax><ymin>361</ymin><ymax>351</ymax></bndbox></object><object><name>score</name><pose>0</pose><truncated>0</truncated><difficult>0</difficult><occluded>0</occluded><bndbox><xmin>126</xmin><xmax>197</xmax><ymin>382</ymin><ymax>249</ymax></bndbox></object><object><name>score</name><pose>0</pose><truncated>0</truncated><difficult>0</difficult><occluded>0</occluded><bndbox><xmin>79</xmin><xmax>245</xmax><ymin>326</ymin><ymax>301</ymax></bndbox></object><object><name>score</name><pose>0</pose><truncated>0</truncated><difficult>0</difficult><occluded>0</occluded><bndbox><xmin>99</xmin><xmax>20</xmax><ymin>354</ymin><ymax>65</ymax></bndbox></object><object><name>score</name><pose>0</pose><truncated>0</truncated><difficult>0</difficult><occluded>0</occluded><bndbox><xmin>95</xmin><xmax>505</xmax><ymin>337</ymin><ymax>557</ymax></bndbox></object></annotation>