<annotation><filename>239.png</filename><size><width>400</width><height>600</height><depth>3</depth></size><object><name>score</name><pose>0</pose><truncated>0</truncated><difficult>0</difficult><occluded>0</occluded><bndbox><xmin>125</xmin><xmax>445</xmax><ymin>365</ymin><ymax>494</ymax></bndbox></object><object><name>score</name><pose>0</pose><truncated>0</truncated><difficult>0</difficult><occluded>0</occluded><bndbox><xmin>130</xmin><xmax>198</xmax><ymin>383</ymin><ymax>255</ymax></bndbox></object><object><name>score</name><pose>0</pose><truncated>0</truncated><difficult>0</difficult><occluded>0</occluded><bndbox><xmin>105</xmin><xmax>504</xmax><ymin>361</ymin><ymax>546</ymax></bndbox></object><object><name>score</name><pose>0</pose><truncated>0</truncated><difficult>0</difficult><occluded>0</occluded><bndbox><xmin>50</xmin><xmax>363</xmax><ymin>291</ymin><ymax>421</ymax></bndbox></object><object><name>score</name><pose>0</pose><truncated>0</truncated><difficult>0</difficult><occluded>0</occluded><bndbox><xmin>100</xmin><xmax>13</xmax><ymin>350</ymin><ymax>61</ymax></bndbox></object><object><name>score</name><pose>0</pose><truncated>0</truncated><difficult>0</difficult><occluded>0</occluded><bndbox><xmin>68</xmin><xmax>72</xmax><ymin>309</ymin><ymax>117</ymax></bndbox></object><object><name>score</name><pose>0</pose><truncated>0</truncated><difficult>0</difficult><occluded>0</occluded><bndbox><xmin>50</xmin><xmax>142</xmax><ymin>303</ymin><ymax>184</ymax></bndbox></object><object><name>score</name><pose>0</pose><truncated>0</truncated><difficult>0</difficult><occluded>0</occluded><bndbox><xmin>17</xmin><xmax>322</xmax><ymin>274</ymin><ymax>368</ymax></bndbox></object></annotation>