<annotation><filename>242.png</filename><size><width>400</width><height>600</height><depth>3</depth></size><object><name>score</name><pose>0</pose><truncated>0</truncated><difficult>0</difficult><occluded>0</occluded><bndbox><xmin>132</xmin><xmax>203</xmax><ymin>385</ymin><ymax>248</ymax></bndbox></object><object><name>score</name><pose>0</pose><truncated>0</truncated><difficult>0</difficult><occluded>0</occluded><bndbox><xmin>90</xmin><xmax>73</xmax><ymin>340</ymin><ymax>126</ymax></bndbox></object><object><name>score</name><pose>0</pose><truncated>0</truncated><difficult>0</difficult><occluded>0</occluded><bndbox><xmin>3</xmin><xmax>259</xmax><ymin>251</ymin><ymax>317</ymax></bndbox></object><object><name>score</name><pose>0</pose><truncated>0</truncated><difficult>0</difficult><occluded>0</occluded><bndbox><xmin>45</xmin><xmax>5</xmax><ymin>296</ymin><ymax>48</ymax></bndbox></object><object><name>score</name><pose>0</pose><truncated>0</truncated><difficult>0</difficult><occluded>0</occluded><bndbox><xmin>67</xmin><xmax>373</xmax><ymin>317</ymin><ymax>422</ymax></bndbox></object><object><name>score</name><pose>0</pose><truncated>0</truncated><difficult>0</difficult><occluded>0</occluded><bndbox><xmin>97</xmin><xmax>312</xmax><ymin>346</ymin><ymax>357</ymax></bndbox></object></annotation>