<annotation><filename>245.png</filename><size><width>400</width><height>600</height><depth>3</depth></size><object><name>score</name><pose>0</pose><truncated>0</truncated><difficult>0</difficult><occluded>0</occluded><bndbox><xmin>59</xmin><xmax>193</xmax><ymin>315</ymin><ymax>248</ymax></bndbox></object><object><name>score</name><pose>0</pose><truncated>0</truncated><difficult>0</difficult><occluded>0</occluded><bndbox><xmin>23</xmin><xmax>251</xmax><ymin>269</ymin><ymax>296</ymax></bndbox></object></annotation>