<annotation><filename>251.png</filename><size><width>400</width><height>600</height><depth>3</depth></size><object><name>score</name><pose>0</pose><truncated>0</truncated><difficult>0</difficult><occluded>0</occluded><bndbox><xmin>10</xmin><xmax>492</xmax><ymin>259</ymin><ymax>538</ymax></bndbox></object><object><name>score</name><pose>0</pose><truncated>0</truncated><difficult>0</difficult><occluded>0</occluded><bndbox><xmin>80</xmin><xmax>374</xmax><ymin>339</ymin><ymax>421</ymax></bndbox></object><object><name>score</name><pose>0</pose><truncated>0</truncated><difficult>0</difficult><occluded>0</occluded><bndbox><xmin>112</xmin><xmax>124</xmax><ymin>363</ymin><ymax>168</ymax></bndbox></object><object><name>score</name><pose>0</pose><truncated>0</truncated><difficult>0</difficult><occluded>0</occluded><bndbox><xmin>123</xmin><xmax>244</xmax><ymin>374</ymin><ymax>302</ymax></bndbox></object><object><name>score</name><pose>0</pose><truncated>0</truncated><difficult>0</difficult><occluded>0</occluded><bndbox><xmin>41</xmin><xmax>10</xmax><ymin>281</ymin><ymax>68</ymax></bndbox></object><object><name>score</name><pose>0</pose><truncated>0</truncated><difficult>0</difficult><occluded>0</occluded><bndbox><xmin>24</xmin><xmax>321</xmax><ymin>270</ymin><ymax>372</ymax></bndbox></object></annotation>