<annotation><filename>255.png</filename><size><width>400</width><height>600</height><depth>3</depth></size><object><name>score</name><pose>0</pose><truncated>0</truncated><difficult>0</difficult><occluded>0</occluded><bndbox><xmin>45</xmin><xmax>133</xmax><ymin>291</ymin><ymax>192</ymax></bndbox></object><object><name>score</name><pose>0</pose><truncated>0</truncated><difficult>0</difficult><occluded>0</occluded><bndbox><xmin>104</xmin><xmax>314</xmax><ymin>349</ymin><ymax>358</ymax></bndbox></object><object><name>score</name><pose>0</pose><truncated>0</truncated><difficult>0</difficult><occluded>0</occluded><bndbox><xmin>80</xmin><xmax>196</xmax><ymin>327</ymin><ymax>247</ymax></bndbox></object><object><name>score</name><pose>0</pose><truncated>0</truncated><difficult>0</difficult><occluded>0</occluded><bndbox><xmin>38</xmin><xmax>427</xmax><ymin>285</ymin><ymax>484</ymax></bndbox></object><object><name>score</name><pose>0</pose><truncated>0</truncated><difficult>0</difficult><occluded>0</occluded><bndbox><xmin>80</xmin><xmax>25</xmax><ymin>331</ymin><ymax>80</ymax></bndbox></object><object><name>score</name><pose>0</pose><truncated>0</truncated><difficult>0</difficult><occluded>0</occluded><bndbox><xmin>127</xmin><xmax>83</xmax><ymin>371</ymin><ymax>134</ymax></bndbox></object><object><name>score</name><pose>0</pose><truncated>0</truncated><difficult>0</difficult><occluded>0</occluded><bndbox><xmin>41</xmin><xmax>361</xmax><ymin>287</ymin><ymax>412</ymax></bndbox></object></annotation>