<annotation><filename>26.png</filename><size><width>400</width><height>600</height><depth>3</depth></size><object><name>score</name><pose>0</pose><truncated>0</truncated><difficult>0</difficult><occluded>0</occluded><bndbox><xmin>12</xmin><xmax>378</xmax><ymin>263</ymin><ymax>419</ymax></bndbox></object><object><name>score</name><pose>0</pose><truncated>0</truncated><difficult>0</difficult><occluded>0</occluded><bndbox><xmin>79</xmin><xmax>63</xmax><ymin>332</ymin><ymax>115</ymax></bndbox></object><object><name>score</name><pose>0</pose><truncated>0</truncated><difficult>0</difficult><occluded>0</occluded><bndbox><xmin>36</xmin><xmax>245</xmax><ymin>287</ymin><ymax>302</ymax></bndbox></object><object><name>score</name><pose>0</pose><truncated>0</truncated><difficult>0</difficult><occluded>0</occluded><bndbox><xmin>131</xmin><xmax>20</xmax><ymin>379</ymin><ymax>79</ymax></bndbox></object><object><name>score</name><pose>0</pose><truncated>0</truncated><difficult>0</difficult><occluded>0</occluded><bndbox><xmin>43</xmin><xmax>493</xmax><ymin>287</ymin><ymax>535</ymax></bndbox></object><object><name>score</name><pose>0</pose><truncated>0</truncated><difficult>0</difficult><occluded>0</occluded><bndbox><xmin>100</xmin><xmax>138</xmax><ymin>353</ymin><ymax>197</ymax></bndbox></object><object><name>score</name><pose>0</pose><truncated>0</truncated><difficult>0</difficult><occluded>0</occluded><bndbox><xmin>33</xmin><xmax>199</xmax><ymin>286</ymin><ymax>242</ymax></bndbox></object></annotation>