<annotation><filename>262.png</filename><size><width>400</width><height>600</height><depth>3</depth></size><object><name>score</name><pose>0</pose><truncated>0</truncated><difficult>0</difficult><occluded>0</occluded><bndbox><xmin>123</xmin><xmax>375</xmax><ymin>371</ymin><ymax>424</ymax></bndbox></object><object><name>score</name><pose>0</pose><truncated>0</truncated><difficult>0</difficult><occluded>0</occluded><bndbox><xmin>33</xmin><xmax>245</xmax><ymin>277</ymin><ymax>285</ymax></bndbox></object><object><name>score</name><pose>0</pose><truncated>0</truncated><difficult>0</difficult><occluded>0</occluded><bndbox><xmin>130</xmin><xmax>129</xmax><ymin>389</ymin><ymax>169</ymax></bndbox></object></annotation>