<annotation><filename>269.png</filename><size><width>400</width><height>600</height><depth>3</depth></size><object><name>score</name><pose>0</pose><truncated>0</truncated><difficult>0</difficult><occluded>0</occluded><bndbox><xmin>69</xmin><xmax>490</xmax><ymin>320</ymin><ymax>537</ymax></bndbox></object><object><name>score</name><pose>0</pose><truncated>0</truncated><difficult>0</difficult><occluded>0</occluded><bndbox><xmin>62</xmin><xmax>323</xmax><ymin>319</ymin><ymax>374</ymax></bndbox></object><object><name>score</name><pose>0</pose><truncated>0</truncated><difficult>0</difficult><occluded>0</occluded><bndbox><xmin>20</xmin><xmax>433</xmax><ymin>264</ymin><ymax>488</ymax></bndbox></object><object><name>score</name><pose>0</pose><truncated>0</truncated><difficult>0</difficult><occluded>0</occluded><bndbox><xmin>79</xmin><xmax>202</xmax><ymin>327</ymin><ymax>256</ymax></bndbox></object></annotation>