<annotation><filename>27.png</filename><size><width>400</width><height>600</height><depth>3</depth></size><object><name>score</name><pose>0</pose><truncated>0</truncated><difficult>0</difficult><occluded>0</occluded><bndbox><xmin>14</xmin><xmax>360</xmax><ymin>273</ymin><ymax>414</ymax></bndbox></object><object><name>score</name><pose>0</pose><truncated>0</truncated><difficult>0</difficult><occluded>0</occluded><bndbox><xmin>63</xmin><xmax>78</xmax><ymin>303</ymin><ymax>137</ymax></bndbox></object><object><name>score</name><pose>0</pose><truncated>0</truncated><difficult>0</difficult><occluded>0</occluded><bndbox><xmin>118</xmin><xmax>251</xmax><ymin>358</ymin><ymax>296</ymax></bndbox></object><object><name>score</name><pose>0</pose><truncated>0</truncated><difficult>0</difficult><occluded>0</occluded><bndbox><xmin>128</xmin><xmax>305</xmax><ymin>386</ymin><ymax>355</ymax></bndbox></object><object><name>score</name><pose>0</pose><truncated>0</truncated><difficult>0</difficult><occluded>0</occluded><bndbox><xmin>50</xmin><xmax>197</xmax><ymin>298</ymin><ymax>256</ymax></bndbox></object></annotation>