<annotation><filename>271.png</filename><size><width>400</width><height>600</height><depth>3</depth></size><object><name>score</name><pose>0</pose><truncated>0</truncated><difficult>0</difficult><occluded>0</occluded><bndbox><xmin>118</xmin><xmax>260</xmax><ymin>371</ymin><ymax>303</ymax></bndbox></object><object><name>score</name><pose>0</pose><truncated>0</truncated><difficult>0</difficult><occluded>0</occluded><bndbox><xmin>14</xmin><xmax>429</xmax><ymin>267</ymin><ymax>471</ymax></bndbox></object><object><name>score</name><pose>0</pose><truncated>0</truncated><difficult>0</difficult><occluded>0</occluded><bndbox><xmin>7</xmin><xmax>375</xmax><ymin>252</ymin><ymax>425</ymax></bndbox></object><object><name>score</name><pose>0</pose><truncated>0</truncated><difficult>0</difficult><occluded>0</occluded><bndbox><xmin>136</xmin><xmax>74</xmax><ymin>392</ymin><ymax>122</ymax></bndbox></object><object><name>score</name><pose>0</pose><truncated>0</truncated><difficult>0</difficult><occluded>0</occluded><bndbox><xmin>122</xmin><xmax>486</xmax><ymin>377</ymin><ymax>531</ymax></bndbox></object><object><name>score</name><pose>0</pose><truncated>0</truncated><difficult>0</difficult><occluded>0</occluded><bndbox><xmin>71</xmin><xmax>21</xmax><ymin>328</ymin><ymax>78</ymax></bndbox></object><object><name>score</name><pose>0</pose><truncated>0</truncated><difficult>0</difficult><occluded>0</occluded><bndbox><xmin>119</xmin><xmax>135</xmax><ymin>375</ymin><ymax>192</ymax></bndbox></object><object><name>score</name><pose>0</pose><truncated>0</truncated><difficult>0</difficult><occluded>0</occluded><bndbox><xmin>97</xmin><xmax>323</xmax><ymin>355</ymin><ymax>365</ymax></bndbox></object></annotation>