<annotation><filename>274.png</filename><size><width>400</width><height>600</height><depth>3</depth></size><object><name>score</name><pose>0</pose><truncated>0</truncated><difficult>0</difficult><occluded>0</occluded><bndbox><xmin>65</xmin><xmax>244</xmax><ymin>316</ymin><ymax>285</ymax></bndbox></object><object><name>score</name><pose>0</pose><truncated>0</truncated><difficult>0</difficult><occluded>0</occluded><bndbox><xmin>126</xmin><xmax>145</xmax><ymin>369</ymin><ymax>188</ymax></bndbox></object><object><name>score</name><pose>0</pose><truncated>0</truncated><difficult>0</difficult><occluded>0</occluded><bndbox><xmin>86</xmin><xmax>3</xmax><ymin>345</ymin><ymax>54</ymax></bndbox></object></annotation>