<annotation><filename>28.png</filename><size><width>400</width><height>600</height><depth>3</depth></size><object><name>score</name><pose>0</pose><truncated>0</truncated><difficult>0</difficult><occluded>0</occluded><bndbox><xmin>39</xmin><xmax>144</xmax><ymin>290</ymin><ymax>191</ymax></bndbox></object><object><name>score</name><pose>0</pose><truncated>0</truncated><difficult>0</difficult><occluded>0</occluded><bndbox><xmin>94</xmin><xmax>63</xmax><ymin>350</ymin><ymax>104</ymax></bndbox></object></annotation>