<annotation><filename>281.png</filename><size><width>400</width><height>600</height><depth>3</depth></size><object><name>score</name><pose>0</pose><truncated>0</truncated><difficult>0</difficult><occluded>0</occluded><bndbox><xmin>138</xmin><xmax>84</xmax><ymin>397</ymin><ymax>127</ymax></bndbox></object><object><name>score</name><pose>0</pose><truncated>0</truncated><difficult>0</difficult><occluded>0</occluded><bndbox><xmin>121</xmin><xmax>122</xmax><ymin>369</ymin><ymax>176</ymax></bndbox></object><object><name>score</name><pose>0</pose><truncated>0</truncated><difficult>0</difficult><occluded>0</occluded><bndbox><xmin>27</xmin><xmax>246</xmax><ymin>268</ymin><ymax>297</ymax></bndbox></object><object><name>score</name><pose>0</pose><truncated>0</truncated><difficult>0</difficult><occluded>0</occluded><bndbox><xmin>85</xmin><xmax>14</xmax><ymin>340</ymin><ymax>71</ymax></bndbox></object><object><name>score</name><pose>0</pose><truncated>0</truncated><difficult>0</difficult><occluded>0</occluded><bndbox><xmin>51</xmin><xmax>192</xmax><ymin>306</ymin><ymax>250</ymax></bndbox></object><object><name>score</name><pose>0</pose><truncated>0</truncated><difficult>0</difficult><occluded>0</occluded><bndbox><xmin>130</xmin><xmax>371</xmax><ymin>376</ymin><ymax>415</ymax></bndbox></object><object><name>score</name><pose>0</pose><truncated>0</truncated><difficult>0</difficult><occluded>0</occluded><bndbox><xmin>64</xmin><xmax>425</xmax><ymin>321</ymin><ymax>465</ymax></bndbox></object><object><name>score</name><pose>0</pose><truncated>0</truncated><difficult>0</difficult><occluded>0</occluded><bndbox><xmin>58</xmin><xmax>488</xmax><ymin>308</ymin><ymax>543</ymax></bndbox></object><object><name>score</name><pose>0</pose><truncated>0</truncated><difficult>0</difficult><occluded>0</occluded><bndbox><xmin>62</xmin><xmax>321</xmax><ymin>302</ymin><ymax>370</ymax></bndbox></object></annotation>