<annotation><filename>29.png</filename><size><width>400</width><height>600</height><depth>3</depth></size><object><name>score</name><pose>0</pose><truncated>0</truncated><difficult>0</difficult><occluded>0</occluded><bndbox><xmin>101</xmin><xmax>487</xmax><ymin>357</ymin><ymax>539</ymax></bndbox></object><object><name>score</name><pose>0</pose><truncated>0</truncated><difficult>0</difficult><occluded>0</occluded><bndbox><xmin>134</xmin><xmax>262</xmax><ymin>385</ymin><ymax>305</ymax></bndbox></object><object><name>score</name><pose>0</pose><truncated>0</truncated><difficult>0</difficult><occluded>0</occluded><bndbox><xmin>123</xmin><xmax>189</xmax><ymin>363</ymin><ymax>234</ymax></bndbox></object><object><name>score</name><pose>0</pose><truncated>0</truncated><difficult>0</difficult><occluded>0</occluded><bndbox><xmin>1</xmin><xmax>84</xmax><ymin>256</ymin><ymax>141</ymax></bndbox></object><object><name>score</name><pose>0</pose><truncated>0</truncated><difficult>0</difficult><occluded>0</occluded><bndbox><xmin>47</xmin><xmax>442</xmax><ymin>294</ymin><ymax>501</ymax></bndbox></object><object><name>score</name><pose>0</pose><truncated>0</truncated><difficult>0</difficult><occluded>0</occluded><bndbox><xmin>93</xmin><xmax>383</xmax><ymin>339</ymin><ymax>427</ymax></bndbox></object><object><name>score</name><pose>0</pose><truncated>0</truncated><difficult>0</difficult><occluded>0</occluded><bndbox><xmin>16</xmin><xmax>306</xmax><ymin>274</ymin><ymax>355</ymax></bndbox></object><object><name>score</name><pose>0</pose><truncated>0</truncated><difficult>0</difficult><occluded>0</occluded><bndbox><xmin>18</xmin><xmax>17</xmax><ymin>271</ymin><ymax>63</ymax></bndbox></object><object><name>score</name><pose>0</pose><truncated>0</truncated><difficult>0</difficult><occluded>0</occluded><bndbox><xmin>109</xmin><xmax>128</xmax><ymin>351</ymin><ymax>176</ymax></bndbox></object></annotation>