<annotation><filename>290.png</filename><size><width>400</width><height>600</height><depth>3</depth></size><object><name>score</name><pose>0</pose><truncated>0</truncated><difficult>0</difficult><occluded>0</occluded><bndbox><xmin>48</xmin><xmax>5</xmax><ymin>307</ymin><ymax>52</ymax></bndbox></object><object><name>score</name><pose>0</pose><truncated>0</truncated><difficult>0</difficult><occluded>0</occluded><bndbox><xmin>14</xmin><xmax>302</xmax><ymin>266</ymin><ymax>355</ymax></bndbox></object><object><name>score</name><pose>0</pose><truncated>0</truncated><difficult>0</difficult><occluded>0</occluded><bndbox><xmin>84</xmin><xmax>433</xmax><ymin>343</ymin><ymax>489</ymax></bndbox></object><object><name>score</name><pose>0</pose><truncated>0</truncated><difficult>0</difficult><occluded>0</occluded><bndbox><xmin>113</xmin><xmax>70</xmax><ymin>367</ymin><ymax>116</ymax></bndbox></object><object><name>score</name><pose>0</pose><truncated>0</truncated><difficult>0</difficult><occluded>0</occluded><bndbox><xmin>117</xmin><xmax>129</xmax><ymin>372</ymin><ymax>185</ymax></bndbox></object><object><name>score</name><pose>0</pose><truncated>0</truncated><difficult>0</difficult><occluded>0</occluded><bndbox><xmin>71</xmin><xmax>265</xmax><ymin>312</ymin><ymax>321</ymax></bndbox></object></annotation>