<annotation><filename>295.png</filename><size><width>400</width><height>600</height><depth>3</depth></size><object><name>score</name><pose>0</pose><truncated>0</truncated><difficult>0</difficult><occluded>0</occluded><bndbox><xmin>77</xmin><xmax>487</xmax><ymin>318</ymin><ymax>541</ymax></bndbox></object><object><name>score</name><pose>0</pose><truncated>0</truncated><difficult>0</difficult><occluded>0</occluded><bndbox><xmin>117</xmin><xmax>197</xmax><ymin>357</ymin><ymax>255</ymax></bndbox></object><object><name>score</name><pose>0</pose><truncated>0</truncated><difficult>0</difficult><occluded>0</occluded><bndbox><xmin>70</xmin><xmax>384</xmax><ymin>324</ymin><ymax>429</ymax></bndbox></object><object><name>score</name><pose>0</pose><truncated>0</truncated><difficult>0</difficult><occluded>0</occluded><bndbox><xmin>47</xmin><xmax>439</xmax><ymin>293</ymin><ymax>494</ymax></bndbox></object><object><name>score</name><pose>0</pose><truncated>0</truncated><difficult>0</difficult><occluded>0</occluded><bndbox><xmin>91</xmin><xmax>304</xmax><ymin>341</ymin><ymax>344</ymax></bndbox></object><object><name>score</name><pose>0</pose><truncated>0</truncated><difficult>0</difficult><occluded>0</occluded><bndbox><xmin>53</xmin><xmax>75</xmax><ymin>303</ymin><ymax>121</ymax></bndbox></object><object><name>score</name><pose>0</pose><truncated>0</truncated><difficult>0</difficult><occluded>0</occluded><bndbox><xmin>74</xmin><xmax>261</xmax><ymin>331</ymin><ymax>301</ymax></bndbox></object><object><name>score</name><pose>0</pose><truncated>0</truncated><difficult>0</difficult><occluded>0</occluded><bndbox><xmin>109</xmin><xmax>6</xmax><ymin>366</ymin><ymax>55</ymax></bndbox></object><object><name>score</name><pose>0</pose><truncated>0</truncated><difficult>0</difficult><occluded>0</occluded><bndbox><xmin>1</xmin><xmax>122</xmax><ymin>255</ymin><ymax>175</ymax></bndbox></object></annotation>