<annotation><filename>298.png</filename><size><width>400</width><height>600</height><depth>3</depth></size><object><name>score</name><pose>0</pose><truncated>0</truncated><difficult>0</difficult><occluded>0</occluded><bndbox><xmin>89</xmin><xmax>142</xmax><ymin>332</ymin><ymax>184</ymax></bndbox></object><object><name>score</name><pose>0</pose><truncated>0</truncated><difficult>0</difficult><occluded>0</occluded><bndbox><xmin>107</xmin><xmax>192</xmax><ymin>366</ymin><ymax>240</ymax></bndbox></object></annotation>