<annotation><filename>309.png</filename><size><width>400</width><height>600</height><depth>3</depth></size><object><name>score</name><pose>0</pose><truncated>0</truncated><difficult>0</difficult><occluded>0</occluded><bndbox><xmin>68</xmin><xmax>23</xmax><ymin>310</ymin><ymax>68</ymax></bndbox></object><object><name>score</name><pose>0</pose><truncated>0</truncated><difficult>0</difficult><occluded>0</occluded><bndbox><xmin>105</xmin><xmax>321</xmax><ymin>345</ymin><ymax>361</ymax></bndbox></object><object><name>score</name><pose>0</pose><truncated>0</truncated><difficult>0</difficult><occluded>0</occluded><bndbox><xmin>12</xmin><xmax>133</xmax><ymin>270</ymin><ymax>192</ymax></bndbox></object><object><name>score</name><pose>0</pose><truncated>0</truncated><difficult>0</difficult><occluded>0</occluded><bndbox><xmin>1</xmin><xmax>243</xmax><ymin>245</ymin><ymax>290</ymax></bndbox></object><object><name>score</name><pose>0</pose><truncated>0</truncated><difficult>0</difficult><occluded>0</occluded><bndbox><xmin>100</xmin><xmax>488</xmax><ymin>359</ymin><ymax>539</ymax></bndbox></object><object><name>score</name><pose>0</pose><truncated>0</truncated><difficult>0</difficult><occluded>0</occluded><bndbox><xmin>121</xmin><xmax>84</xmax><ymin>368</ymin><ymax>142</ymax></bndbox></object><object><name>score</name><pose>0</pose><truncated>0</truncated><difficult>0</difficult><occluded>0</occluded><bndbox><xmin>79</xmin><xmax>371</xmax><ymin>321</ymin><ymax>420</ymax></bndbox></object></annotation>