<annotation><filename>312.png</filename><size><width>400</width><height>600</height><depth>3</depth></size><object><name>score</name><pose>0</pose><truncated>0</truncated><difficult>0</difficult><occluded>0</occluded><bndbox><xmin>31</xmin><xmax>131</xmax><ymin>288</ymin><ymax>172</ymax></bndbox></object><object><name>score</name><pose>0</pose><truncated>0</truncated><difficult>0</difficult><occluded>0</occluded><bndbox><xmin>9</xmin><xmax>378</xmax><ymin>263</ymin><ymax>420</ymax></bndbox></object><object><name>score</name><pose>0</pose><truncated>0</truncated><difficult>0</difficult><occluded>0</occluded><bndbox><xmin>113</xmin><xmax>318</xmax><ymin>368</ymin><ymax>362</ymax></bndbox></object><object><name>score</name><pose>0</pose><truncated>0</truncated><difficult>0</difficult><occluded>0</occluded><bndbox><xmin>94</xmin><xmax>79</xmax><ymin>342</ymin><ymax>122</ymax></bndbox></object><object><name>score</name><pose>0</pose><truncated>0</truncated><difficult>0</difficult><occluded>0</occluded><bndbox><xmin>62</xmin><xmax>435</xmax><ymin>316</ymin><ymax>481</ymax></bndbox></object><object><name>score</name><pose>0</pose><truncated>0</truncated><difficult>0</difficult><occluded>0</occluded><bndbox><xmin>49</xmin><xmax>182</xmax><ymin>297</ymin><ymax>238</ymax></bndbox></object><object><name>score</name><pose>0</pose><truncated>0</truncated><difficult>0</difficult><occluded>0</occluded><bndbox><xmin>130</xmin><xmax>252</xmax><ymin>382</ymin><ymax>310</ymax></bndbox></object><object><name>score</name><pose>0</pose><truncated>0</truncated><difficult>0</difficult><occluded>0</occluded><bndbox><xmin>10</xmin><xmax>23</xmax><ymin>267</ymin><ymax>80</ymax></bndbox></object></annotation>