<annotation><filename>318.png</filename><size><width>400</width><height>600</height><depth>3</depth></size><object><name>score</name><pose>0</pose><truncated>0</truncated><difficult>0</difficult><occluded>0</occluded><bndbox><xmin>61</xmin><xmax>306</xmax><ymin>306</ymin><ymax>352</ymax></bndbox></object><object><name>score</name><pose>0</pose><truncated>0</truncated><difficult>0</difficult><occluded>0</occluded><bndbox><xmin>71</xmin><xmax>141</xmax><ymin>328</ymin><ymax>196</ymax></bndbox></object><object><name>score</name><pose>0</pose><truncated>0</truncated><difficult>0</difficult><occluded>0</occluded><bndbox><xmin>107</xmin><xmax>66</xmax><ymin>355</ymin><ymax>121</ymax></bndbox></object></annotation>