<annotation><filename>330.png</filename><size><width>400</width><height>600</height><depth>3</depth></size><object><name>score</name><pose>0</pose><truncated>0</truncated><difficult>0</difficult><occluded>0</occluded><bndbox><xmin>58</xmin><xmax>205</xmax><ymin>312</ymin><ymax>245</ymax></bndbox></object><object><name>score</name><pose>0</pose><truncated>0</truncated><difficult>0</difficult><occluded>0</occluded><bndbox><xmin>66</xmin><xmax>439</xmax><ymin>309</ymin><ymax>490</ymax></bndbox></object><object><name>score</name><pose>0</pose><truncated>0</truncated><difficult>0</difficult><occluded>0</occluded><bndbox><xmin>64</xmin><xmax>491</xmax><ymin>320</ymin><ymax>545</ymax></bndbox></object></annotation>