<annotation><filename>334.png</filename><size><width>400</width><height>600</height><depth>3</depth></size><object><name>score</name><pose>0</pose><truncated>0</truncated><difficult>0</difficult><occluded>0</occluded><bndbox><xmin>120</xmin><xmax>308</xmax><ymin>369</ymin><ymax>350</ymax></bndbox></object><object><name>score</name><pose>0</pose><truncated>0</truncated><difficult>0</difficult><occluded>0</occluded><bndbox><xmin>35</xmin><xmax>69</xmax><ymin>289</ymin><ymax>110</ymax></bndbox></object></annotation>