<annotation><filename>337.png</filename><size><width>400</width><height>600</height><depth>3</depth></size><object><name>score</name><pose>0</pose><truncated>0</truncated><difficult>0</difficult><occluded>0</occluded><bndbox><xmin>58</xmin><xmax>385</xmax><ymin>313</ymin><ymax>433</ymax></bndbox></object><object><name>score</name><pose>0</pose><truncated>0</truncated><difficult>0</difficult><occluded>0</occluded><bndbox><xmin>31</xmin><xmax>311</xmax><ymin>273</ymin><ymax>352</ymax></bndbox></object><object><name>score</name><pose>0</pose><truncated>0</truncated><difficult>0</difficult><occluded>0</occluded><bndbox><xmin>116</xmin><xmax>185</xmax><ymin>372</ymin><ymax>233</ymax></bndbox></object><object><name>score</name><pose>0</pose><truncated>0</truncated><difficult>0</difficult><occluded>0</occluded><bndbox><xmin>55</xmin><xmax>246</xmax><ymin>306</ymin><ymax>286</ymax></bndbox></object><object><name>score</name><pose>0</pose><truncated>0</truncated><difficult>0</difficult><occluded>0</occluded><bndbox><xmin>78</xmin><xmax>420</xmax><ymin>331</ymin><ymax>467</ymax></bndbox></object><object><name>score</name><pose>0</pose><truncated>0</truncated><difficult>0</difficult><occluded>0</occluded><bndbox><xmin>61</xmin><xmax>503</xmax><ymin>312</ymin><ymax>562</ymax></bndbox></object><object><name>score</name><pose>0</pose><truncated>0</truncated><difficult>0</difficult><occluded>0</occluded><bndbox><xmin>85</xmin><xmax>137</xmax><ymin>336</ymin><ymax>194</ymax></bndbox></object><object><name>score</name><pose>0</pose><truncated>0</truncated><difficult>0</difficult><occluded>0</occluded><bndbox><xmin>115</xmin><xmax>18</xmax><ymin>356</ymin><ymax>60</ymax></bndbox></object><object><name>score</name><pose>0</pose><truncated>0</truncated><difficult>0</difficult><occluded>0</occluded><bndbox><xmin>125</xmin><xmax>64</xmax><ymin>384</ymin><ymax>107</ymax></bndbox></object></annotation>