<annotation><filename>338.png</filename><size><width>400</width><height>600</height><depth>3</depth></size><object><name>score</name><pose>0</pose><truncated>0</truncated><difficult>0</difficult><occluded>0</occluded><bndbox><xmin>35</xmin><xmax>199</xmax><ymin>294</ymin><ymax>241</ymax></bndbox></object><object><name>score</name><pose>0</pose><truncated>0</truncated><difficult>0</difficult><occluded>0</occluded><bndbox><xmin>96</xmin><xmax>265</xmax><ymin>337</ymin><ymax>316</ymax></bndbox></object><object><name>score</name><pose>0</pose><truncated>0</truncated><difficult>0</difficult><occluded>0</occluded><bndbox><xmin>110</xmin><xmax>317</xmax><ymin>354</ymin><ymax>365</ymax></bndbox></object><object><name>score</name><pose>0</pose><truncated>0</truncated><difficult>0</difficult><occluded>0</occluded><bndbox><xmin>45</xmin><xmax>492</xmax><ymin>299</ymin><ymax>536</ymax></bndbox></object><object><name>score</name><pose>0</pose><truncated>0</truncated><difficult>0</difficult><occluded>0</occluded><bndbox><xmin>31</xmin><xmax>122</xmax><ymin>287</ymin><ymax>173</ymax></bndbox></object><object><name>score</name><pose>0</pose><truncated>0</truncated><difficult>0</difficult><occluded>0</occluded><bndbox><xmin>36</xmin><xmax>72</xmax><ymin>282</ymin><ymax>119</ymax></bndbox></object><object><name>score</name><pose>0</pose><truncated>0</truncated><difficult>0</difficult><occluded>0</occluded><bndbox><xmin>0</xmin><xmax>382</xmax><ymin>248</ymin><ymax>431</ymax></bndbox></object><object><name>score</name><pose>0</pose><truncated>0</truncated><difficult>0</difficult><occluded>0</occluded><bndbox><xmin>78</xmin><xmax>443</xmax><ymin>326</ymin><ymax>493</ymax></bndbox></object><object><name>score</name><pose>0</pose><truncated>0</truncated><difficult>0</difficult><occluded>0</occluded><bndbox><xmin>3</xmin><xmax>11</xmax><ymin>248</ymin><ymax>64</ymax></bndbox></object></annotation>