<annotation><filename>341.png</filename><size><width>400</width><height>600</height><depth>3</depth></size><object><name>score</name><pose>0</pose><truncated>0</truncated><difficult>0</difficult><occluded>0</occluded><bndbox><xmin>81</xmin><xmax>421</xmax><ymin>331</ymin><ymax>479</ymax></bndbox></object><object><name>score</name><pose>0</pose><truncated>0</truncated><difficult>0</difficult><occluded>0</occluded><bndbox><xmin>114</xmin><xmax>121</xmax><ymin>367</ymin><ymax>176</ymax></bndbox></object></annotation>