<annotation><filename>343.png</filename><size><width>400</width><height>600</height><depth>3</depth></size><object><name>score</name><pose>0</pose><truncated>0</truncated><difficult>0</difficult><occluded>0</occluded><bndbox><xmin>55</xmin><xmax>265</xmax><ymin>304</ymin><ymax>307</ymax></bndbox></object><object><name>score</name><pose>0</pose><truncated>0</truncated><difficult>0</difficult><occluded>0</occluded><bndbox><xmin>9</xmin><xmax>323</xmax><ymin>253</ymin><ymax>365</ymax></bndbox></object></annotation>