<annotation><filename>344.png</filename><size><width>400</width><height>600</height><depth>3</depth></size><object><name>score</name><pose>0</pose><truncated>0</truncated><difficult>0</difficult><occluded>0</occluded><bndbox><xmin>93</xmin><xmax>1</xmax><ymin>336</ymin><ymax>55</ymax></bndbox></object><object><name>score</name><pose>0</pose><truncated>0</truncated><difficult>0</difficult><occluded>0</occluded><bndbox><xmin>50</xmin><xmax>127</xmax><ymin>295</ymin><ymax>185</ymax></bndbox></object><object><name>score</name><pose>0</pose><truncated>0</truncated><difficult>0</difficult><occluded>0</occluded><bndbox><xmin>55</xmin><xmax>74</xmax><ymin>296</ymin><ymax>128</ymax></bndbox></object><object><name>score</name><pose>0</pose><truncated>0</truncated><difficult>0</difficult><occluded>0</occluded><bndbox><xmin>133</xmin><xmax>422</xmax><ymin>373</ymin><ymax>466</ymax></bndbox></object><object><name>score</name><pose>0</pose><truncated>0</truncated><difficult>0</difficult><occluded>0</occluded><bndbox><xmin>40</xmin><xmax>325</xmax><ymin>297</ymin><ymax>384</ymax></bndbox></object></annotation>