<annotation><filename>362.png</filename><size><width>400</width><height>600</height><depth>3</depth></size><object><name>score</name><pose>0</pose><truncated>0</truncated><difficult>0</difficult><occluded>0</occluded><bndbox><xmin>0</xmin><xmax>489</xmax><ymin>245</ymin><ymax>539</ymax></bndbox></object><object><name>score</name><pose>0</pose><truncated>0</truncated><difficult>0</difficult><occluded>0</occluded><bndbox><xmin>89</xmin><xmax>131</xmax><ymin>345</ymin><ymax>187</ymax></bndbox></object><object><name>score</name><pose>0</pose><truncated>0</truncated><difficult>0</difficult><occluded>0</occluded><bndbox><xmin>15</xmin><xmax>310</xmax><ymin>268</ymin><ymax>363</ymax></bndbox></object><object><name>score</name><pose>0</pose><truncated>0</truncated><difficult>0</difficult><occluded>0</occluded><bndbox><xmin>127</xmin><xmax>431</xmax><ymin>370</ymin><ymax>489</ymax></bndbox></object><object><name>score</name><pose>0</pose><truncated>0</truncated><difficult>0</difficult><occluded>0</occluded><bndbox><xmin>60</xmin><xmax>255</xmax><ymin>302</ymin><ymax>311</ymax></bndbox></object><object><name>score</name><pose>0</pose><truncated>0</truncated><difficult>0</difficult><occluded>0</occluded><bndbox><xmin>99</xmin><xmax>72</xmax><ymin>349</ymin><ymax>131</ymax></bndbox></object><object><name>score</name><pose>0</pose><truncated>0</truncated><difficult>0</difficult><occluded>0</occluded><bndbox><xmin>40</xmin><xmax>367</xmax><ymin>291</ymin><ymax>409</ymax></bndbox></object></annotation>