<annotation><filename>363.png</filename><size><width>400</width><height>600</height><depth>3</depth></size><object><name>score</name><pose>0</pose><truncated>0</truncated><difficult>0</difficult><occluded>0</occluded><bndbox><xmin>83</xmin><xmax>482</xmax><ymin>335</ymin><ymax>523</ymax></bndbox></object><object><name>score</name><pose>0</pose><truncated>0</truncated><difficult>0</difficult><occluded>0</occluded><bndbox><xmin>137</xmin><xmax>25</xmax><ymin>392</ymin><ymax>66</ymax></bndbox></object><object><name>score</name><pose>0</pose><truncated>0</truncated><difficult>0</difficult><occluded>0</occluded><bndbox><xmin>56</xmin><xmax>255</xmax><ymin>314</ymin><ymax>303</ymax></bndbox></object><object><name>score</name><pose>0</pose><truncated>0</truncated><difficult>0</difficult><occluded>0</occluded><bndbox><xmin>52</xmin><xmax>129</xmax><ymin>311</ymin><ymax>172</ymax></bndbox></object><object><name>score</name><pose>0</pose><truncated>0</truncated><difficult>0</difficult><occluded>0</occluded><bndbox><xmin>36</xmin><xmax>383</xmax><ymin>277</ymin><ymax>430</ymax></bndbox></object><object><name>score</name><pose>0</pose><truncated>0</truncated><difficult>0</difficult><occluded>0</occluded><bndbox><xmin>121</xmin><xmax>193</xmax><ymin>362</ymin><ymax>251</ymax></bndbox></object><object><name>score</name><pose>0</pose><truncated>0</truncated><difficult>0</difficult><occluded>0</occluded><bndbox><xmin>75</xmin><xmax>429</xmax><ymin>317</ymin><ymax>485</ymax></bndbox></object><object><name>score</name><pose>0</pose><truncated>0</truncated><difficult>0</difficult><occluded>0</occluded><bndbox><xmin>130</xmin><xmax>76</xmax><ymin>376</ymin><ymax>124</ymax></bndbox></object><object><name>score</name><pose>0</pose><truncated>0</truncated><difficult>0</difficult><occluded>0</occluded><bndbox><xmin>88</xmin><xmax>324</xmax><ymin>330</ymin><ymax>366</ymax></bndbox></object></annotation>