<annotation><filename>364.png</filename><size><width>400</width><height>600</height><depth>3</depth></size><object><name>score</name><pose>0</pose><truncated>0</truncated><difficult>0</difficult><occluded>0</occluded><bndbox><xmin>130</xmin><xmax>322</xmax><ymin>381</ymin><ymax>367</ymax></bndbox></object><object><name>score</name><pose>0</pose><truncated>0</truncated><difficult>0</difficult><occluded>0</occluded><bndbox><xmin>113</xmin><xmax>205</xmax><ymin>354</ymin><ymax>253</ymax></bndbox></object></annotation>