<annotation><filename>368.png</filename><size><width>400</width><height>600</height><depth>3</depth></size><object><name>score</name><pose>0</pose><truncated>0</truncated><difficult>0</difficult><occluded>0</occluded><bndbox><xmin>102</xmin><xmax>139</xmax><ymin>345</ymin><ymax>181</ymax></bndbox></object><object><name>score</name><pose>0</pose><truncated>0</truncated><difficult>0</difficult><occluded>0</occluded><bndbox><xmin>109</xmin><xmax>371</xmax><ymin>350</ymin><ymax>429</ymax></bndbox></object><object><name>score</name><pose>0</pose><truncated>0</truncated><difficult>0</difficult><occluded>0</occluded><bndbox><xmin>115</xmin><xmax>491</xmax><ymin>358</ymin><ymax>547</ymax></bndbox></object></annotation>