<annotation><filename>371.png</filename><size><width>400</width><height>600</height><depth>3</depth></size><object><name>score</name><pose>0</pose><truncated>0</truncated><difficult>0</difficult><occluded>0</occluded><bndbox><xmin>125</xmin><xmax>250</xmax><ymin>383</ymin><ymax>290</ymax></bndbox></object><object><name>score</name><pose>0</pose><truncated>0</truncated><difficult>0</difficult><occluded>0</occluded><bndbox><xmin>52</xmin><xmax>384</xmax><ymin>301</ymin><ymax>438</ymax></bndbox></object><object><name>score</name><pose>0</pose><truncated>0</truncated><difficult>0</difficult><occluded>0</occluded><bndbox><xmin>79</xmin><xmax>492</xmax><ymin>334</ymin><ymax>547</ymax></bndbox></object><object><name>score</name><pose>0</pose><truncated>0</truncated><difficult>0</difficult><occluded>0</occluded><bndbox><xmin>110</xmin><xmax>442</xmax><ymin>355</ymin><ymax>493</ymax></bndbox></object><object><name>score</name><pose>0</pose><truncated>0</truncated><difficult>0</difficult><occluded>0</occluded><bndbox><xmin>131</xmin><xmax>128</xmax><ymin>390</ymin><ymax>187</ymax></bndbox></object><object><name>score</name><pose>0</pose><truncated>0</truncated><difficult>0</difficult><occluded>0</occluded><bndbox><xmin>52</xmin><xmax>74</xmax><ymin>302</ymin><ymax>131</ymax></bndbox></object><object><name>score</name><pose>0</pose><truncated>0</truncated><difficult>0</difficult><occluded>0</occluded><bndbox><xmin>122</xmin><xmax>202</xmax><ymin>364</ymin><ymax>245</ymax></bndbox></object><object><name>score</name><pose>0</pose><truncated>0</truncated><difficult>0</difficult><occluded>0</occluded><bndbox><xmin>44</xmin><xmax>306</xmax><ymin>286</ymin><ymax>353</ymax></bndbox></object><object><name>score</name><pose>0</pose><truncated>0</truncated><difficult>0</difficult><occluded>0</occluded><bndbox><xmin>118</xmin><xmax>11</xmax><ymin>358</ymin><ymax>54</ymax></bndbox></object></annotation>