<annotation><filename>372.png</filename><size><width>400</width><height>600</height><depth>3</depth></size><object><name>score</name><pose>0</pose><truncated>0</truncated><difficult>0</difficult><occluded>0</occluded><bndbox><xmin>103</xmin><xmax>323</xmax><ymin>362</ymin><ymax>375</ymax></bndbox></object><object><name>score</name><pose>0</pose><truncated>0</truncated><difficult>0</difficult><occluded>0</occluded><bndbox><xmin>19</xmin><xmax>241</xmax><ymin>267</ymin><ymax>290</ymax></bndbox></object><object><name>score</name><pose>0</pose><truncated>0</truncated><difficult>0</difficult><occluded>0</occluded><bndbox><xmin>42</xmin><xmax>120</xmax><ymin>287</ymin><ymax>174</ymax></bndbox></object><object><name>score</name><pose>0</pose><truncated>0</truncated><difficult>0</difficult><occluded>0</occluded><bndbox><xmin>78</xmin><xmax>495</xmax><ymin>323</ymin><ymax>541</ymax></bndbox></object></annotation>