<annotation><filename>376.png</filename><size><width>400</width><height>600</height><depth>3</depth></size><object><name>score</name><pose>0</pose><truncated>0</truncated><difficult>0</difficult><occluded>0</occluded><bndbox><xmin>118</xmin><xmax>324</xmax><ymin>367</ymin><ymax>367</ymax></bndbox></object><object><name>score</name><pose>0</pose><truncated>0</truncated><difficult>0</difficult><occluded>0</occluded><bndbox><xmin>28</xmin><xmax>362</xmax><ymin>276</ymin><ymax>407</ymax></bndbox></object></annotation>