<annotation><filename>382.png</filename><size><width>400</width><height>600</height><depth>3</depth></size><object><name>score</name><pose>0</pose><truncated>0</truncated><difficult>0</difficult><occluded>0</occluded><bndbox><xmin>41</xmin><xmax>494</xmax><ymin>293</ymin><ymax>551</ymax></bndbox></object><object><name>score</name><pose>0</pose><truncated>0</truncated><difficult>0</difficult><occluded>0</occluded><bndbox><xmin>50</xmin><xmax>366</xmax><ymin>305</ymin><ymax>412</ymax></bndbox></object><object><name>score</name><pose>0</pose><truncated>0</truncated><difficult>0</difficult><occluded>0</occluded><bndbox><xmin>29</xmin><xmax>264</xmax><ymin>288</ymin><ymax>318</ymax></bndbox></object><object><name>score</name><pose>0</pose><truncated>0</truncated><difficult>0</difficult><occluded>0</occluded><bndbox><xmin>109</xmin><xmax>300</xmax><ymin>368</ymin><ymax>351</ymax></bndbox></object><object><name>score</name><pose>0</pose><truncated>0</truncated><difficult>0</difficult><occluded>0</occluded><bndbox><xmin>71</xmin><xmax>16</xmax><ymin>329</ymin><ymax>57</ymax></bndbox></object><object><name>score</name><pose>0</pose><truncated>0</truncated><difficult>0</difficult><occluded>0</occluded><bndbox><xmin>95</xmin><xmax>439</xmax><ymin>346</ymin><ymax>490</ymax></bndbox></object><object><name>score</name><pose>0</pose><truncated>0</truncated><difficult>0</difficult><occluded>0</occluded><bndbox><xmin>103</xmin><xmax>199</xmax><ymin>351</ymin><ymax>241</ymax></bndbox></object><object><name>score</name><pose>0</pose><truncated>0</truncated><difficult>0</difficult><occluded>0</occluded><bndbox><xmin>39</xmin><xmax>137</xmax><ymin>284</ymin><ymax>186</ymax></bndbox></object></annotation>