<annotation><filename>387.png</filename><size><width>400</width><height>600</height><depth>3</depth></size><object><name>score</name><pose>0</pose><truncated>0</truncated><difficult>0</difficult><occluded>0</occluded><bndbox><xmin>92</xmin><xmax>127</xmax><ymin>334</ymin><ymax>181</ymax></bndbox></object><object><name>score</name><pose>0</pose><truncated>0</truncated><difficult>0</difficult><occluded>0</occluded><bndbox><xmin>132</xmin><xmax>60</xmax><ymin>373</ymin><ymax>113</ymax></bndbox></object><object><name>score</name><pose>0</pose><truncated>0</truncated><difficult>0</difficult><occluded>0</occluded><bndbox><xmin>8</xmin><xmax>253</xmax><ymin>256</ymin><ymax>295</ymax></bndbox></object><object><name>score</name><pose>0</pose><truncated>0</truncated><difficult>0</difficult><occluded>0</occluded><bndbox><xmin>134</xmin><xmax>503</xmax><ymin>379</ymin><ymax>553</ymax></bndbox></object><object><name>score</name><pose>0</pose><truncated>0</truncated><difficult>0</difficult><occluded>0</occluded><bndbox><xmin>89</xmin><xmax>376</xmax><ymin>337</ymin><ymax>422</ymax></bndbox></object></annotation>