<annotation><filename>388.png</filename><size><width>400</width><height>600</height><depth>3</depth></size><object><name>score</name><pose>0</pose><truncated>0</truncated><difficult>0</difficult><occluded>0</occluded><bndbox><xmin>89</xmin><xmax>135</xmax><ymin>332</ymin><ymax>184</ymax></bndbox></object><object><name>score</name><pose>0</pose><truncated>0</truncated><difficult>0</difficult><occluded>0</occluded><bndbox><xmin>49</xmin><xmax>191</xmax><ymin>303</ymin><ymax>236</ymax></bndbox></object><object><name>score</name><pose>0</pose><truncated>0</truncated><difficult>0</difficult><occluded>0</occluded><bndbox><xmin>0</xmin><xmax>497</xmax><ymin>249</ymin><ymax>547</ymax></bndbox></object><object><name>score</name><pose>0</pose><truncated>0</truncated><difficult>0</difficult><occluded>0</occluded><bndbox><xmin>12</xmin><xmax>7</xmax><ymin>259</ymin><ymax>62</ymax></bndbox></object><object><name>score</name><pose>0</pose><truncated>0</truncated><difficult>0</difficult><occluded>0</occluded><bndbox><xmin>66</xmin><xmax>243</xmax><ymin>325</ymin><ymax>285</ymax></bndbox></object></annotation>