<annotation><filename>394.png</filename><size><width>400</width><height>600</height><depth>3</depth></size><object><name>score</name><pose>0</pose><truncated>0</truncated><difficult>0</difficult><occluded>0</occluded><bndbox><xmin>130</xmin><xmax>135</xmax><ymin>370</ymin><ymax>188</ymax></bndbox></object><object><name>score</name><pose>0</pose><truncated>0</truncated><difficult>0</difficult><occluded>0</occluded><bndbox><xmin>47</xmin><xmax>431</xmax><ymin>301</ymin><ymax>479</ymax></bndbox></object><object><name>score</name><pose>0</pose><truncated>0</truncated><difficult>0</difficult><occluded>0</occluded><bndbox><xmin>98</xmin><xmax>5</xmax><ymin>348</ymin><ymax>50</ymax></bndbox></object><object><name>score</name><pose>0</pose><truncated>0</truncated><difficult>0</difficult><occluded>0</occluded><bndbox><xmin>20</xmin><xmax>377</xmax><ymin>279</ymin><ymax>433</ymax></bndbox></object><object><name>score</name><pose>0</pose><truncated>0</truncated><difficult>0</difficult><occluded>0</occluded><bndbox><xmin>1</xmin><xmax>322</xmax><ymin>258</ymin><ymax>379</ymax></bndbox></object><object><name>score</name><pose>0</pose><truncated>0</truncated><difficult>0</difficult><occluded>0</occluded><bndbox><xmin>70</xmin><xmax>78</xmax><ymin>328</ymin><ymax>119</ymax></bndbox></object><object><name>score</name><pose>0</pose><truncated>0</truncated><difficult>0</difficult><occluded>0</occluded><bndbox><xmin>73</xmin><xmax>245</xmax><ymin>324</ymin><ymax>289</ymax></bndbox></object><object><name>score</name><pose>0</pose><truncated>0</truncated><difficult>0</difficult><occluded>0</occluded><bndbox><xmin>3</xmin><xmax>482</xmax><ymin>254</ymin><ymax>538</ymax></bndbox></object><object><name>score</name><pose>0</pose><truncated>0</truncated><difficult>0</difficult><occluded>0</occluded><bndbox><xmin>68</xmin><xmax>186</xmax><ymin>324</ymin><ymax>226</ymax></bndbox></object></annotation>