<annotation><filename>396.png</filename><size><width>400</width><height>600</height><depth>3</depth></size><object><name>score</name><pose>0</pose><truncated>0</truncated><difficult>0</difficult><occluded>0</occluded><bndbox><xmin>57</xmin><xmax>120</xmax><ymin>308</ymin><ymax>163</ymax></bndbox></object><object><name>score</name><pose>0</pose><truncated>0</truncated><difficult>0</difficult><occluded>0</occluded><bndbox><xmin>71</xmin><xmax>427</xmax><ymin>321</ymin><ymax>477</ymax></bndbox></object><object><name>score</name><pose>0</pose><truncated>0</truncated><difficult>0</difficult><occluded>0</occluded><bndbox><xmin>8</xmin><xmax>61</xmax><ymin>256</ymin><ymax>103</ymax></bndbox></object><object><name>score</name><pose>0</pose><truncated>0</truncated><difficult>0</difficult><occluded>0</occluded><bndbox><xmin>83</xmin><xmax>204</xmax><ymin>325</ymin><ymax>258</ymax></bndbox></object></annotation>