<annotation><filename>402.png</filename><size><width>400</width><height>600</height><depth>3</depth></size><object><name>score</name><pose>0</pose><truncated>0</truncated><difficult>0</difficult><occluded>0</occluded><bndbox><xmin>26</xmin><xmax>245</xmax><ymin>267</ymin><ymax>295</ymax></bndbox></object><object><name>score</name><pose>0</pose><truncated>0</truncated><difficult>0</difficult><occluded>0</occluded><bndbox><xmin>13</xmin><xmax>312</xmax><ymin>272</ymin><ymax>356</ymax></bndbox></object><object><name>score</name><pose>0</pose><truncated>0</truncated><difficult>0</difficult><occluded>0</occluded><bndbox><xmin>130</xmin><xmax>122</xmax><ymin>382</ymin><ymax>175</ymax></bndbox></object><object><name>score</name><pose>0</pose><truncated>0</truncated><difficult>0</difficult><occluded>0</occluded><bndbox><xmin>121</xmin><xmax>200</xmax><ymin>369</ymin><ymax>244</ymax></bndbox></object><object><name>score</name><pose>0</pose><truncated>0</truncated><difficult>0</difficult><occluded>0</occluded><bndbox><xmin>101</xmin><xmax>365</xmax><ymin>341</ymin><ymax>423</ymax></bndbox></object><object><name>score</name><pose>0</pose><truncated>0</truncated><difficult>0</difficult><occluded>0</occluded><bndbox><xmin>134</xmin><xmax>12</xmax><ymin>386</ymin><ymax>63</ymax></bndbox></object><object><name>score</name><pose>0</pose><truncated>0</truncated><difficult>0</difficult><occluded>0</occluded><bndbox><xmin>117</xmin><xmax>66</xmax><ymin>365</ymin><ymax>122</ymax></bndbox></object></annotation>