<annotation><filename>403.png</filename><size><width>400</width><height>600</height><depth>3</depth></size><object><name>score</name><pose>0</pose><truncated>0</truncated><difficult>0</difficult><occluded>0</occluded><bndbox><xmin>103</xmin><xmax>182</xmax><ymin>346</ymin><ymax>233</ymax></bndbox></object><object><name>score</name><pose>0</pose><truncated>0</truncated><difficult>0</difficult><occluded>0</occluded><bndbox><xmin>72</xmin><xmax>488</xmax><ymin>316</ymin><ymax>547</ymax></bndbox></object><object><name>score</name><pose>0</pose><truncated>0</truncated><difficult>0</difficult><occluded>0</occluded><bndbox><xmin>43</xmin><xmax>311</xmax><ymin>289</ymin><ymax>369</ymax></bndbox></object><object><name>score</name><pose>0</pose><truncated>0</truncated><difficult>0</difficult><occluded>0</occluded><bndbox><xmin>139</xmin><xmax>424</xmax><ymin>383</ymin><ymax>483</ymax></bndbox></object></annotation>