<annotation><filename>405.png</filename><size><width>400</width><height>600</height><depth>3</depth></size><object><name>score</name><pose>0</pose><truncated>0</truncated><difficult>0</difficult><occluded>0</occluded><bndbox><xmin>132</xmin><xmax>434</xmax><ymin>378</ymin><ymax>483</ymax></bndbox></object><object><name>score</name><pose>0</pose><truncated>0</truncated><difficult>0</difficult><occluded>0</occluded><bndbox><xmin>57</xmin><xmax>492</xmax><ymin>309</ymin><ymax>542</ymax></bndbox></object><object><name>score</name><pose>0</pose><truncated>0</truncated><difficult>0</difficult><occluded>0</occluded><bndbox><xmin>2</xmin><xmax>65</xmax><ymin>246</ymin><ymax>106</ymax></bndbox></object><object><name>score</name><pose>0</pose><truncated>0</truncated><difficult>0</difficult><occluded>0</occluded><bndbox><xmin>22</xmin><xmax>301</xmax><ymin>266</ymin><ymax>344</ymax></bndbox></object></annotation>