<annotation><filename>407.png</filename><size><width>400</width><height>600</height><depth>3</depth></size><object><name>score</name><pose>0</pose><truncated>0</truncated><difficult>0</difficult><occluded>0</occluded><bndbox><xmin>81</xmin><xmax>20</xmax><ymin>331</ymin><ymax>62</ymax></bndbox></object><object><name>score</name><pose>0</pose><truncated>0</truncated><difficult>0</difficult><occluded>0</occluded><bndbox><xmin>44</xmin><xmax>133</xmax><ymin>298</ymin><ymax>182</ymax></bndbox></object><object><name>score</name><pose>0</pose><truncated>0</truncated><difficult>0</difficult><occluded>0</occluded><bndbox><xmin>77</xmin><xmax>438</xmax><ymin>321</ymin><ymax>494</ymax></bndbox></object></annotation>