<annotation><filename>41.png</filename><size><width>400</width><height>600</height><depth>3</depth></size><object><name>score</name><pose>0</pose><truncated>0</truncated><difficult>0</difficult><occluded>0</occluded><bndbox><xmin>125</xmin><xmax>74</xmax><ymin>379</ymin><ymax>129</ymax></bndbox></object><object><name>score</name><pose>0</pose><truncated>0</truncated><difficult>0</difficult><occluded>0</occluded><bndbox><xmin>133</xmin><xmax>443</xmax><ymin>391</ymin><ymax>485</ymax></bndbox></object><object><name>score</name><pose>0</pose><truncated>0</truncated><difficult>0</difficult><occluded>0</occluded><bndbox><xmin>116</xmin><xmax>482</xmax><ymin>367</ymin><ymax>534</ymax></bndbox></object><object><name>score</name><pose>0</pose><truncated>0</truncated><difficult>0</difficult><occluded>0</occluded><bndbox><xmin>0</xmin><xmax>370</xmax><ymin>249</ymin><ymax>428</ymax></bndbox></object><object><name>score</name><pose>0</pose><truncated>0</truncated><difficult>0</difficult><occluded>0</occluded><bndbox><xmin>20</xmin><xmax>205</xmax><ymin>261</ymin><ymax>249</ymax></bndbox></object></annotation>