<annotation><filename>412.png</filename><size><width>400</width><height>600</height><depth>3</depth></size><object><name>score</name><pose>0</pose><truncated>0</truncated><difficult>0</difficult><occluded>0</occluded><bndbox><xmin>63</xmin><xmax>305</xmax><ymin>320</ymin><ymax>347</ymax></bndbox></object><object><name>score</name><pose>0</pose><truncated>0</truncated><difficult>0</difficult><occluded>0</occluded><bndbox><xmin>37</xmin><xmax>254</xmax><ymin>286</ymin><ymax>308</ymax></bndbox></object></annotation>