<annotation><filename>413.png</filename><size><width>400</width><height>600</height><depth>3</depth></size><object><name>score</name><pose>0</pose><truncated>0</truncated><difficult>0</difficult><occluded>0</occluded><bndbox><xmin>90</xmin><xmax>19</xmax><ymin>337</ymin><ymax>75</ymax></bndbox></object><object><name>score</name><pose>0</pose><truncated>0</truncated><difficult>0</difficult><occluded>0</occluded><bndbox><xmin>133</xmin><xmax>137</xmax><ymin>373</ymin><ymax>193</ymax></bndbox></object><object><name>score</name><pose>0</pose><truncated>0</truncated><difficult>0</difficult><occluded>0</occluded><bndbox><xmin>16</xmin><xmax>185</xmax><ymin>257</ymin><ymax>227</ymax></bndbox></object><object><name>score</name><pose>0</pose><truncated>0</truncated><difficult>0</difficult><occluded>0</occluded><bndbox><xmin>48</xmin><xmax>68</xmax><ymin>288</ymin><ymax>125</ymax></bndbox></object><object><name>score</name><pose>0</pose><truncated>0</truncated><difficult>0</difficult><occluded>0</occluded><bndbox><xmin>133</xmin><xmax>265</xmax><ymin>380</ymin><ymax>323</ymax></bndbox></object><object><name>score</name><pose>0</pose><truncated>0</truncated><difficult>0</difficult><occluded>0</occluded><bndbox><xmin>33</xmin><xmax>434</xmax><ymin>286</ymin><ymax>493</ymax></bndbox></object><object><name>score</name><pose>0</pose><truncated>0</truncated><difficult>0</difficult><occluded>0</occluded><bndbox><xmin>85</xmin><xmax>379</xmax><ymin>339</ymin><ymax>434</ymax></bndbox></object></annotation>