<annotation><filename>417.png</filename><size><width>400</width><height>600</height><depth>3</depth></size><object><name>score</name><pose>0</pose><truncated>0</truncated><difficult>0</difficult><occluded>0</occluded><bndbox><xmin>92</xmin><xmax>425</xmax><ymin>348</ymin><ymax>477</ymax></bndbox></object><object><name>score</name><pose>0</pose><truncated>0</truncated><difficult>0</difficult><occluded>0</occluded><bndbox><xmin>13</xmin><xmax>265</xmax><ymin>271</ymin><ymax>316</ymax></bndbox></object><object><name>score</name><pose>0</pose><truncated>0</truncated><difficult>0</difficult><occluded>0</occluded><bndbox><xmin>124</xmin><xmax>5</xmax><ymin>366</ymin><ymax>56</ymax></bndbox></object></annotation>