<annotation><filename>419.png</filename><size><width>400</width><height>600</height><depth>3</depth></size><object><name>score</name><pose>0</pose><truncated>0</truncated><difficult>0</difficult><occluded>0</occluded><bndbox><xmin>126</xmin><xmax>122</xmax><ymin>379</ymin><ymax>170</ymax></bndbox></object><object><name>score</name><pose>0</pose><truncated>0</truncated><difficult>0</difficult><occluded>0</occluded><bndbox><xmin>115</xmin><xmax>484</xmax><ymin>361</ymin><ymax>533</ymax></bndbox></object><object><name>score</name><pose>0</pose><truncated>0</truncated><difficult>0</difficult><occluded>0</occluded><bndbox><xmin>66</xmin><xmax>243</xmax><ymin>308</ymin><ymax>287</ymax></bndbox></object></annotation>