<annotation><filename>422.png</filename><size><width>400</width><height>600</height><depth>3</depth></size><object><name>score</name><pose>0</pose><truncated>0</truncated><difficult>0</difficult><occluded>0</occluded><bndbox><xmin>41</xmin><xmax>304</xmax><ymin>291</ymin><ymax>356</ymax></bndbox></object><object><name>score</name><pose>0</pose><truncated>0</truncated><difficult>0</difficult><occluded>0</occluded><bndbox><xmin>38</xmin><xmax>186</xmax><ymin>297</ymin><ymax>241</ymax></bndbox></object><object><name>score</name><pose>0</pose><truncated>0</truncated><difficult>0</difficult><occluded>0</occluded><bndbox><xmin>20</xmin><xmax>502</xmax><ymin>271</ymin><ymax>542</ymax></bndbox></object><object><name>score</name><pose>0</pose><truncated>0</truncated><difficult>0</difficult><occluded>0</occluded><bndbox><xmin>95</xmin><xmax>6</xmax><ymin>336</ymin><ymax>55</ymax></bndbox></object><object><name>score</name><pose>0</pose><truncated>0</truncated><difficult>0</difficult><occluded>0</occluded><bndbox><xmin>106</xmin><xmax>85</xmax><ymin>359</ymin><ymax>130</ymax></bndbox></object><object><name>score</name><pose>0</pose><truncated>0</truncated><difficult>0</difficult><occluded>0</occluded><bndbox><xmin>97</xmin><xmax>133</xmax><ymin>352</ymin><ymax>187</ymax></bndbox></object></annotation>