<annotation><filename>424.png</filename><size><width>400</width><height>600</height><depth>3</depth></size><object><name>score</name><pose>0</pose><truncated>0</truncated><difficult>0</difficult><occluded>0</occluded><bndbox><xmin>89</xmin><xmax>16</xmax><ymin>332</ymin><ymax>57</ymax></bndbox></object><object><name>score</name><pose>0</pose><truncated>0</truncated><difficult>0</difficult><occluded>0</occluded><bndbox><xmin>12</xmin><xmax>85</xmax><ymin>267</ymin><ymax>140</ymax></bndbox></object><object><name>score</name><pose>0</pose><truncated>0</truncated><difficult>0</difficult><occluded>0</occluded><bndbox><xmin>55</xmin><xmax>203</xmax><ymin>300</ymin><ymax>249</ymax></bndbox></object><object><name>score</name><pose>0</pose><truncated>0</truncated><difficult>0</difficult><occluded>0</occluded><bndbox><xmin>78</xmin><xmax>480</xmax><ymin>334</ymin><ymax>523</ymax></bndbox></object><object><name>score</name><pose>0</pose><truncated>0</truncated><difficult>0</difficult><occluded>0</occluded><bndbox><xmin>60</xmin><xmax>366</xmax><ymin>301</ymin><ymax>415</ymax></bndbox></object><object><name>score</name><pose>0</pose><truncated>0</truncated><difficult>0</difficult><occluded>0</occluded><bndbox><xmin>98</xmin><xmax>308</xmax><ymin>349</ymin><ymax>356</ymax></bndbox></object></annotation>