<annotation><filename>430.png</filename><size><width>400</width><height>600</height><depth>3</depth></size><object><name>score</name><pose>0</pose><truncated>0</truncated><difficult>0</difficult><occluded>0</occluded><bndbox><xmin>47</xmin><xmax>132</xmax><ymin>301</ymin><ymax>178</ymax></bndbox></object><object><name>score</name><pose>0</pose><truncated>0</truncated><difficult>0</difficult><occluded>0</occluded><bndbox><xmin>133</xmin><xmax>242</xmax><ymin>375</ymin><ymax>285</ymax></bndbox></object><object><name>score</name><pose>0</pose><truncated>0</truncated><difficult>0</difficult><occluded>0</occluded><bndbox><xmin>76</xmin><xmax>365</xmax><ymin>316</ymin><ymax>415</ymax></bndbox></object><object><name>score</name><pose>0</pose><truncated>0</truncated><difficult>0</difficult><occluded>0</occluded><bndbox><xmin>5</xmin><xmax>14</xmax><ymin>259</ymin><ymax>60</ymax></bndbox></object><object><name>score</name><pose>0</pose><truncated>0</truncated><difficult>0</difficult><occluded>0</occluded><bndbox><xmin>99</xmin><xmax>205</xmax><ymin>350</ymin><ymax>264</ymax></bndbox></object><object><name>score</name><pose>0</pose><truncated>0</truncated><difficult>0</difficult><occluded>0</occluded><bndbox><xmin>65</xmin><xmax>82</xmax><ymin>307</ymin><ymax>136</ymax></bndbox></object><object><name>score</name><pose>0</pose><truncated>0</truncated><difficult>0</difficult><occluded>0</occluded><bndbox><xmin>102</xmin><xmax>485</xmax><ymin>343</ymin><ymax>537</ymax></bndbox></object><object><name>score</name><pose>0</pose><truncated>0</truncated><difficult>0</difficult><occluded>0</occluded><bndbox><xmin>56</xmin><xmax>429</xmax><ymin>301</ymin><ymax>480</ymax></bndbox></object><object><name>score</name><pose>0</pose><truncated>0</truncated><difficult>0</difficult><occluded>0</occluded><bndbox><xmin>111</xmin><xmax>325</xmax><ymin>358</ymin><ymax>369</ymax></bndbox></object></annotation>