<annotation><filename>437.png</filename><size><width>400</width><height>600</height><depth>3</depth></size><object><name>score</name><pose>0</pose><truncated>0</truncated><difficult>0</difficult><occluded>0</occluded><bndbox><xmin>36</xmin><xmax>491</xmax><ymin>289</ymin><ymax>534</ymax></bndbox></object><object><name>score</name><pose>0</pose><truncated>0</truncated><difficult>0</difficult><occluded>0</occluded><bndbox><xmin>127</xmin><xmax>426</xmax><ymin>372</ymin><ymax>481</ymax></bndbox></object><object><name>score</name><pose>0</pose><truncated>0</truncated><difficult>0</difficult><occluded>0</occluded><bndbox><xmin>25</xmin><xmax>9</xmax><ymin>272</ymin><ymax>58</ymax></bndbox></object><object><name>score</name><pose>0</pose><truncated>0</truncated><difficult>0</difficult><occluded>0</occluded><bndbox><xmin>22</xmin><xmax>75</xmax><ymin>272</ymin><ymax>127</ymax></bndbox></object><object><name>score</name><pose>0</pose><truncated>0</truncated><difficult>0</difficult><occluded>0</occluded><bndbox><xmin>63</xmin><xmax>307</xmax><ymin>313</ymin><ymax>361</ymax></bndbox></object><object><name>score</name><pose>0</pose><truncated>0</truncated><difficult>0</difficult><occluded>0</occluded><bndbox><xmin>137</xmin><xmax>384</xmax><ymin>377</ymin><ymax>424</ymax></bndbox></object><object><name>score</name><pose>0</pose><truncated>0</truncated><difficult>0</difficult><occluded>0</occluded><bndbox><xmin>2</xmin><xmax>121</xmax><ymin>244</ymin><ymax>176</ymax></bndbox></object><object><name>score</name><pose>0</pose><truncated>0</truncated><difficult>0</difficult><occluded>0</occluded><bndbox><xmin>34</xmin><xmax>184</xmax><ymin>287</ymin><ymax>230</ymax></bndbox></object><object><name>score</name><pose>0</pose><truncated>0</truncated><difficult>0</difficult><occluded>0</occluded><bndbox><xmin>106</xmin><xmax>244</xmax><ymin>357</ymin><ymax>298</ymax></bndbox></object></annotation>