<annotation><filename>438.png</filename><size><width>400</width><height>600</height><depth>3</depth></size><object><name>score</name><pose>0</pose><truncated>0</truncated><difficult>0</difficult><occluded>0</occluded><bndbox><xmin>138</xmin><xmax>320</xmax><ymin>385</ymin><ymax>367</ymax></bndbox></object><object><name>score</name><pose>0</pose><truncated>0</truncated><difficult>0</difficult><occluded>0</occluded><bndbox><xmin>35</xmin><xmax>443</xmax><ymin>275</ymin><ymax>498</ymax></bndbox></object></annotation>