<annotation><filename>44.png</filename><size><width>400</width><height>600</height><depth>3</depth></size><object><name>score</name><pose>0</pose><truncated>0</truncated><difficult>0</difficult><occluded>0</occluded><bndbox><xmin>40</xmin><xmax>503</xmax><ymin>282</ymin><ymax>550</ymax></bndbox></object><object><name>score</name><pose>0</pose><truncated>0</truncated><difficult>0</difficult><occluded>0</occluded><bndbox><xmin>126</xmin><xmax>145</xmax><ymin>370</ymin><ymax>198</ymax></bndbox></object><object><name>score</name><pose>0</pose><truncated>0</truncated><difficult>0</difficult><occluded>0</occluded><bndbox><xmin>112</xmin><xmax>67</xmax><ymin>356</ymin><ymax>116</ymax></bndbox></object></annotation>