<annotation><filename>442.png</filename><size><width>400</width><height>600</height><depth>3</depth></size><object><name>score</name><pose>0</pose><truncated>0</truncated><difficult>0</difficult><occluded>0</occluded><bndbox><xmin>33</xmin><xmax>141</xmax><ymin>277</ymin><ymax>191</ymax></bndbox></object><object><name>score</name><pose>0</pose><truncated>0</truncated><difficult>0</difficult><occluded>0</occluded><bndbox><xmin>29</xmin><xmax>196</xmax><ymin>283</ymin><ymax>237</ymax></bndbox></object><object><name>score</name><pose>0</pose><truncated>0</truncated><difficult>0</difficult><occluded>0</occluded><bndbox><xmin>69</xmin><xmax>265</xmax><ymin>322</ymin><ymax>317</ymax></bndbox></object><object><name>score</name><pose>0</pose><truncated>0</truncated><difficult>0</difficult><occluded>0</occluded><bndbox><xmin>23</xmin><xmax>6</xmax><ymin>273</ymin><ymax>54</ymax></bndbox></object></annotation>