<annotation><filename>455.png</filename><size><width>400</width><height>600</height><depth>3</depth></size><object><name>score</name><pose>0</pose><truncated>0</truncated><difficult>0</difficult><occluded>0</occluded><bndbox><xmin>102</xmin><xmax>382</xmax><ymin>355</ymin><ymax>432</ymax></bndbox></object><object><name>score</name><pose>0</pose><truncated>0</truncated><difficult>0</difficult><occluded>0</occluded><bndbox><xmin>63</xmin><xmax>312</xmax><ymin>311</ymin><ymax>364</ymax></bndbox></object><object><name>score</name><pose>0</pose><truncated>0</truncated><difficult>0</difficult><occluded>0</occluded><bndbox><xmin>9</xmin><xmax>422</xmax><ymin>255</ymin><ymax>466</ymax></bndbox></object><object><name>score</name><pose>0</pose><truncated>0</truncated><difficult>0</difficult><occluded>0</occluded><bndbox><xmin>89</xmin><xmax>265</xmax><ymin>331</ymin><ymax>317</ymax></bndbox></object><object><name>score</name><pose>0</pose><truncated>0</truncated><difficult>0</difficult><occluded>0</occluded><bndbox><xmin>65</xmin><xmax>492</xmax><ymin>310</ymin><ymax>547</ymax></bndbox></object><object><name>score</name><pose>0</pose><truncated>0</truncated><difficult>0</difficult><occluded>0</occluded><bndbox><xmin>129</xmin><xmax>21</xmax><ymin>388</ymin><ymax>66</ymax></bndbox></object></annotation>