<annotation><filename>467.png</filename><size><width>400</width><height>600</height><depth>3</depth></size><object><name>score</name><pose>0</pose><truncated>0</truncated><difficult>0</difficult><occluded>0</occluded><bndbox><xmin>114</xmin><xmax>75</xmax><ymin>357</ymin><ymax>129</ymax></bndbox></object><object><name>score</name><pose>0</pose><truncated>0</truncated><difficult>0</difficult><occluded>0</occluded><bndbox><xmin>129</xmin><xmax>247</xmax><ymin>376</ymin><ymax>297</ymax></bndbox></object><object><name>score</name><pose>0</pose><truncated>0</truncated><difficult>0</difficult><occluded>0</occluded><bndbox><xmin>134</xmin><xmax>190</xmax><ymin>387</ymin><ymax>242</ymax></bndbox></object></annotation>