<annotation><filename>468.png</filename><size><width>400</width><height>600</height><depth>3</depth></size><object><name>score</name><pose>0</pose><truncated>0</truncated><difficult>0</difficult><occluded>0</occluded><bndbox><xmin>48</xmin><xmax>485</xmax><ymin>293</ymin><ymax>538</ymax></bndbox></object><object><name>score</name><pose>0</pose><truncated>0</truncated><difficult>0</difficult><occluded>0</occluded><bndbox><xmin>89</xmin><xmax>303</xmax><ymin>346</ymin><ymax>355</ymax></bndbox></object><object><name>score</name><pose>0</pose><truncated>0</truncated><difficult>0</difficult><occluded>0</occluded><bndbox><xmin>117</xmin><xmax>360</xmax><ymin>367</ymin><ymax>415</ymax></bndbox></object><object><name>score</name><pose>0</pose><truncated>0</truncated><difficult>0</difficult><occluded>0</occluded><bndbox><xmin>93</xmin><xmax>425</xmax><ymin>352</ymin><ymax>483</ymax></bndbox></object><object><name>score</name><pose>0</pose><truncated>0</truncated><difficult>0</difficult><occluded>0</occluded><bndbox><xmin>55</xmin><xmax>188</xmax><ymin>305</ymin><ymax>234</ymax></bndbox></object><object><name>score</name><pose>0</pose><truncated>0</truncated><difficult>0</difficult><occluded>0</occluded><bndbox><xmin>45</xmin><xmax>123</xmax><ymin>289</ymin><ymax>168</ymax></bndbox></object><object><name>score</name><pose>0</pose><truncated>0</truncated><difficult>0</difficult><occluded>0</occluded><bndbox><xmin>14</xmin><xmax>68</xmax><ymin>255</ymin><ymax>118</ymax></bndbox></object><object><name>score</name><pose>0</pose><truncated>0</truncated><difficult>0</difficult><occluded>0</occluded><bndbox><xmin>48</xmin><xmax>23</xmax><ymin>294</ymin><ymax>78</ymax></bndbox></object><object><name>score</name><pose>0</pose><truncated>0</truncated><difficult>0</difficult><occluded>0</occluded><bndbox><xmin>15</xmin><xmax>247</xmax><ymin>271</ymin><ymax>287</ymax></bndbox></object></annotation>