<annotation><filename>47.png</filename><size><width>400</width><height>600</height><depth>3</depth></size><object><name>score</name><pose>0</pose><truncated>0</truncated><difficult>0</difficult><occluded>0</occluded><bndbox><xmin>23</xmin><xmax>85</xmax><ymin>270</ymin><ymax>138</ymax></bndbox></object><object><name>score</name><pose>0</pose><truncated>0</truncated><difficult>0</difficult><occluded>0</occluded><bndbox><xmin>71</xmin><xmax>139</xmax><ymin>326</ymin><ymax>196</ymax></bndbox></object><object><name>score</name><pose>0</pose><truncated>0</truncated><difficult>0</difficult><occluded>0</occluded><bndbox><xmin>49</xmin><xmax>198</xmax><ymin>306</ymin><ymax>245</ymax></bndbox></object><object><name>score</name><pose>0</pose><truncated>0</truncated><difficult>0</difficult><occluded>0</occluded><bndbox><xmin>122</xmin><xmax>249</xmax><ymin>366</ymin><ymax>298</ymax></bndbox></object><object><name>score</name><pose>0</pose><truncated>0</truncated><difficult>0</difficult><occluded>0</occluded><bndbox><xmin>97</xmin><xmax>19</xmax><ymin>347</ymin><ymax>71</ymax></bndbox></object></annotation>