<annotation><filename>471.png</filename><size><width>400</width><height>600</height><depth>3</depth></size><object><name>score</name><pose>0</pose><truncated>0</truncated><difficult>0</difficult><occluded>0</occluded><bndbox><xmin>60</xmin><xmax>485</xmax><ymin>315</ymin><ymax>528</ymax></bndbox></object><object><name>score</name><pose>0</pose><truncated>0</truncated><difficult>0</difficult><occluded>0</occluded><bndbox><xmin>28</xmin><xmax>15</xmax><ymin>283</ymin><ymax>59</ymax></bndbox></object><object><name>score</name><pose>0</pose><truncated>0</truncated><difficult>0</difficult><occluded>0</occluded><bndbox><xmin>2</xmin><xmax>122</xmax><ymin>251</ymin><ymax>164</ymax></bndbox></object><object><name>score</name><pose>0</pose><truncated>0</truncated><difficult>0</difficult><occluded>0</occluded><bndbox><xmin>51</xmin><xmax>374</xmax><ymin>294</ymin><ymax>418</ymax></bndbox></object><object><name>score</name><pose>0</pose><truncated>0</truncated><difficult>0</difficult><occluded>0</occluded><bndbox><xmin>136</xmin><xmax>205</xmax><ymin>384</ymin><ymax>252</ymax></bndbox></object><object><name>score</name><pose>0</pose><truncated>0</truncated><difficult>0</difficult><occluded>0</occluded><bndbox><xmin>115</xmin><xmax>436</xmax><ymin>362</ymin><ymax>486</ymax></bndbox></object><object><name>score</name><pose>0</pose><truncated>0</truncated><difficult>0</difficult><occluded>0</occluded><bndbox><xmin>48</xmin><xmax>300</xmax><ymin>291</ymin><ymax>357</ymax></bndbox></object></annotation>