<annotation><filename>472.png</filename><size><width>400</width><height>600</height><depth>3</depth></size><object><name>score</name><pose>0</pose><truncated>0</truncated><difficult>0</difficult><occluded>0</occluded><bndbox><xmin>11</xmin><xmax>302</xmax><ymin>256</ymin><ymax>353</ymax></bndbox></object><object><name>score</name><pose>0</pose><truncated>0</truncated><difficult>0</difficult><occluded>0</occluded><bndbox><xmin>139</xmin><xmax>130</xmax><ymin>396</ymin><ymax>174</ymax></bndbox></object><object><name>score</name><pose>0</pose><truncated>0</truncated><difficult>0</difficult><occluded>0</occluded><bndbox><xmin>13</xmin><xmax>240</xmax><ymin>272</ymin><ymax>294</ymax></bndbox></object><object><name>score</name><pose>0</pose><truncated>0</truncated><difficult>0</difficult><occluded>0</occluded><bndbox><xmin>119</xmin><xmax>375</xmax><ymin>376</ymin><ymax>424</ymax></bndbox></object></annotation>