<annotation><filename>474.png</filename><size><width>400</width><height>600</height><depth>3</depth></size><object><name>score</name><pose>0</pose><truncated>0</truncated><difficult>0</difficult><occluded>0</occluded><bndbox><xmin>69</xmin><xmax>435</xmax><ymin>325</ymin><ymax>494</ymax></bndbox></object><object><name>score</name><pose>0</pose><truncated>0</truncated><difficult>0</difficult><occluded>0</occluded><bndbox><xmin>10</xmin><xmax>499</xmax><ymin>257</ymin><ymax>545</ymax></bndbox></object><object><name>score</name><pose>0</pose><truncated>0</truncated><difficult>0</difficult><occluded>0</occluded><bndbox><xmin>41</xmin><xmax>374</xmax><ymin>294</ymin><ymax>424</ymax></bndbox></object><object><name>score</name><pose>0</pose><truncated>0</truncated><difficult>0</difficult><occluded>0</occluded><bndbox><xmin>127</xmin><xmax>135</xmax><ymin>386</ymin><ymax>184</ymax></bndbox></object><object><name>score</name><pose>0</pose><truncated>0</truncated><difficult>0</difficult><occluded>0</occluded><bndbox><xmin>3</xmin><xmax>250</xmax><ymin>257</ymin><ymax>292</ymax></bndbox></object></annotation>