<annotation><filename>481.png</filename><size><width>400</width><height>600</height><depth>3</depth></size><object><name>score</name><pose>0</pose><truncated>0</truncated><difficult>0</difficult><occluded>0</occluded><bndbox><xmin>136</xmin><xmax>315</xmax><ymin>388</ymin><ymax>371</ymax></bndbox></object><object><name>score</name><pose>0</pose><truncated>0</truncated><difficult>0</difficult><occluded>0</occluded><bndbox><xmin>62</xmin><xmax>490</xmax><ymin>310</ymin><ymax>549</ymax></bndbox></object><object><name>score</name><pose>0</pose><truncated>0</truncated><difficult>0</difficult><occluded>0</occluded><bndbox><xmin>117</xmin><xmax>257</xmax><ymin>375</ymin><ymax>304</ymax></bndbox></object><object><name>score</name><pose>0</pose><truncated>0</truncated><difficult>0</difficult><occluded>0</occluded><bndbox><xmin>5</xmin><xmax>133</xmax><ymin>251</ymin><ymax>178</ymax></bndbox></object><object><name>score</name><pose>0</pose><truncated>0</truncated><difficult>0</difficult><occluded>0</occluded><bndbox><xmin>5</xmin><xmax>25</xmax><ymin>253</ymin><ymax>83</ymax></bndbox></object></annotation>