<annotation><filename>493.png</filename><size><width>400</width><height>600</height><depth>3</depth></size><object><name>score</name><pose>0</pose><truncated>0</truncated><difficult>0</difficult><occluded>0</occluded><bndbox><xmin>138</xmin><xmax>499</xmax><ymin>387</ymin><ymax>551</ymax></bndbox></object><object><name>score</name><pose>0</pose><truncated>0</truncated><difficult>0</difficult><occluded>0</occluded><bndbox><xmin>72</xmin><xmax>1</xmax><ymin>330</ymin><ymax>47</ymax></bndbox></object><object><name>score</name><pose>0</pose><truncated>0</truncated><difficult>0</difficult><occluded>0</occluded><bndbox><xmin>91</xmin><xmax>438</xmax><ymin>350</ymin><ymax>489</ymax></bndbox></object><object><name>score</name><pose>0</pose><truncated>0</truncated><difficult>0</difficult><occluded>0</occluded><bndbox><xmin>19</xmin><xmax>364</xmax><ymin>260</ymin><ymax>411</ymax></bndbox></object><object><name>score</name><pose>0</pose><truncated>0</truncated><difficult>0</difficult><occluded>0</occluded><bndbox><xmin>18</xmin><xmax>321</xmax><ymin>275</ymin><ymax>377</ymax></bndbox></object></annotation>