<annotation><filename>497.png</filename><size><width>400</width><height>600</height><depth>3</depth></size><object><name>score</name><pose>0</pose><truncated>0</truncated><difficult>0</difficult><occluded>0</occluded><bndbox><xmin>0</xmin><xmax>309</xmax><ymin>243</ymin><ymax>357</ymax></bndbox></object><object><name>score</name><pose>0</pose><truncated>0</truncated><difficult>0</difficult><occluded>0</occluded><bndbox><xmin>121</xmin><xmax>431</xmax><ymin>379</ymin><ymax>472</ymax></bndbox></object><object><name>score</name><pose>0</pose><truncated>0</truncated><difficult>0</difficult><occluded>0</occluded><bndbox><xmin>54</xmin><xmax>180</xmax><ymin>297</ymin><ymax>229</ymax></bndbox></object><object><name>score</name><pose>0</pose><truncated>0</truncated><difficult>0</difficult><occluded>0</occluded><bndbox><xmin>137</xmin><xmax>494</xmax><ymin>388</ymin><ymax>538</ymax></bndbox></object><object><name>score</name><pose>0</pose><truncated>0</truncated><difficult>0</difficult><occluded>0</occluded><bndbox><xmin>137</xmin><xmax>5</xmax><ymin>382</ymin><ymax>62</ymax></bndbox></object><object><name>score</name><pose>0</pose><truncated>0</truncated><difficult>0</difficult><occluded>0</occluded><bndbox><xmin>58</xmin><xmax>262</xmax><ymin>314</ymin><ymax>317</ymax></bndbox></object><object><name>score</name><pose>0</pose><truncated>0</truncated><difficult>0</difficult><occluded>0</occluded><bndbox><xmin>47</xmin><xmax>65</xmax><ymin>302</ymin><ymax>120</ymax></bndbox></object><object><name>score</name><pose>0</pose><truncated>0</truncated><difficult>0</difficult><occluded>0</occluded><bndbox><xmin>26</xmin><xmax>126</xmax><ymin>273</ymin><ymax>178</ymax></bndbox></object></annotation>