<annotation><filename>508.png</filename><size><width>400</width><height>600</height><depth>3</depth></size><object><name>score</name><pose>0</pose><truncated>0</truncated><difficult>0</difficult><occluded>0</occluded><bndbox><xmin>42</xmin><xmax>13</xmax><ymin>287</ymin><ymax>63</ymax></bndbox></object><object><name>score</name><pose>0</pose><truncated>0</truncated><difficult>0</difficult><occluded>0</occluded><bndbox><xmin>31</xmin><xmax>380</xmax><ymin>284</ymin><ymax>427</ymax></bndbox></object><object><name>score</name><pose>0</pose><truncated>0</truncated><difficult>0</difficult><occluded>0</occluded><bndbox><xmin>55</xmin><xmax>490</xmax><ymin>310</ymin><ymax>535</ymax></bndbox></object><object><name>score</name><pose>0</pose><truncated>0</truncated><difficult>0</difficult><occluded>0</occluded><bndbox><xmin>54</xmin><xmax>199</xmax><ymin>301</ymin><ymax>253</ymax></bndbox></object><object><name>score</name><pose>0</pose><truncated>0</truncated><difficult>0</difficult><occluded>0</occluded><bndbox><xmin>93</xmin><xmax>316</xmax><ymin>343</ymin><ymax>371</ymax></bndbox></object><object><name>score</name><pose>0</pose><truncated>0</truncated><difficult>0</difficult><occluded>0</occluded><bndbox><xmin>94</xmin><xmax>429</xmax><ymin>336</ymin><ymax>470</ymax></bndbox></object><object><name>score</name><pose>0</pose><truncated>0</truncated><difficult>0</difficult><occluded>0</occluded><bndbox><xmin>14</xmin><xmax>262</xmax><ymin>272</ymin><ymax>311</ymax></bndbox></object></annotation>