<annotation><filename>519.png</filename><size><width>400</width><height>600</height><depth>3</depth></size><object><name>score</name><pose>0</pose><truncated>0</truncated><difficult>0</difficult><occluded>0</occluded><bndbox><xmin>90</xmin><xmax>440</xmax><ymin>346</ymin><ymax>487</ymax></bndbox></object><object><name>score</name><pose>0</pose><truncated>0</truncated><difficult>0</difficult><occluded>0</occluded><bndbox><xmin>79</xmin><xmax>245</xmax><ymin>327</ymin><ymax>285</ymax></bndbox></object><object><name>score</name><pose>0</pose><truncated>0</truncated><difficult>0</difficult><occluded>0</occluded><bndbox><xmin>0</xmin><xmax>10</xmax><ymin>259</ymin><ymax>56</ymax></bndbox></object><object><name>score</name><pose>0</pose><truncated>0</truncated><difficult>0</difficult><occluded>0</occluded><bndbox><xmin>126</xmin><xmax>144</xmax><ymin>377</ymin><ymax>187</ymax></bndbox></object></annotation>