<annotation><filename>520.png</filename><size><width>400</width><height>600</height><depth>3</depth></size><object><name>score</name><pose>0</pose><truncated>0</truncated><difficult>0</difficult><occluded>0</occluded><bndbox><xmin>71</xmin><xmax>15</xmax><ymin>325</ymin><ymax>62</ymax></bndbox></object><object><name>score</name><pose>0</pose><truncated>0</truncated><difficult>0</difficult><occluded>0</occluded><bndbox><xmin>138</xmin><xmax>253</xmax><ymin>386</ymin><ymax>312</ymax></bndbox></object><object><name>score</name><pose>0</pose><truncated>0</truncated><difficult>0</difficult><occluded>0</occluded><bndbox><xmin>39</xmin><xmax>66</xmax><ymin>280</ymin><ymax>120</ymax></bndbox></object></annotation>