<annotation><filename>525.png</filename><size><width>400</width><height>600</height><depth>3</depth></size><object><name>score</name><pose>0</pose><truncated>0</truncated><difficult>0</difficult><occluded>0</occluded><bndbox><xmin>130</xmin><xmax>193</xmax><ymin>374</ymin><ymax>235</ymax></bndbox></object><object><name>score</name><pose>0</pose><truncated>0</truncated><difficult>0</difficult><occluded>0</occluded><bndbox><xmin>37</xmin><xmax>365</xmax><ymin>293</ymin><ymax>424</ymax></bndbox></object><object><name>score</name><pose>0</pose><truncated>0</truncated><difficult>0</difficult><occluded>0</occluded><bndbox><xmin>37</xmin><xmax>258</xmax><ymin>289</ymin><ymax>315</ymax></bndbox></object><object><name>score</name><pose>0</pose><truncated>0</truncated><difficult>0</difficult><occluded>0</occluded><bndbox><xmin>45</xmin><xmax>422</xmax><ymin>296</ymin><ymax>473</ymax></bndbox></object><object><name>score</name><pose>0</pose><truncated>0</truncated><difficult>0</difficult><occluded>0</occluded><bndbox><xmin>45</xmin><xmax>312</xmax><ymin>299</ymin><ymax>367</ymax></bndbox></object><object><name>score</name><pose>0</pose><truncated>0</truncated><difficult>0</difficult><occluded>0</occluded><bndbox><xmin>20</xmin><xmax>1</xmax><ymin>278</ymin><ymax>60</ymax></bndbox></object><object><name>score</name><pose>0</pose><truncated>0</truncated><difficult>0</difficult><occluded>0</occluded><bndbox><xmin>136</xmin><xmax>483</xmax><ymin>377</ymin><ymax>537</ymax></bndbox></object><object><name>score</name><pose>0</pose><truncated>0</truncated><difficult>0</difficult><occluded>0</occluded><bndbox><xmin>111</xmin><xmax>136</xmax><ymin>361</ymin><ymax>182</ymax></bndbox></object></annotation>