<annotation><filename>528.png</filename><size><width>400</width><height>600</height><depth>3</depth></size><object><name>score</name><pose>0</pose><truncated>0</truncated><difficult>0</difficult><occluded>0</occluded><bndbox><xmin>30</xmin><xmax>205</xmax><ymin>281</ymin><ymax>254</ymax></bndbox></object><object><name>score</name><pose>0</pose><truncated>0</truncated><difficult>0</difficult><occluded>0</occluded><bndbox><xmin>14</xmin><xmax>85</xmax><ymin>272</ymin><ymax>127</ymax></bndbox></object></annotation>