<annotation><filename>536.png</filename><size><width>400</width><height>600</height><depth>3</depth></size><object><name>score</name><pose>0</pose><truncated>0</truncated><difficult>0</difficult><occluded>0</occluded><bndbox><xmin>30</xmin><xmax>244</xmax><ymin>270</ymin><ymax>302</ymax></bndbox></object><object><name>score</name><pose>0</pose><truncated>0</truncated><difficult>0</difficult><occluded>0</occluded><bndbox><xmin>103</xmin><xmax>79</xmax><ymin>343</ymin><ymax>127</ymax></bndbox></object><object><name>score</name><pose>0</pose><truncated>0</truncated><difficult>0</difficult><occluded>0</occluded><bndbox><xmin>16</xmin><xmax>197</xmax><ymin>262</ymin><ymax>237</ymax></bndbox></object><object><name>score</name><pose>0</pose><truncated>0</truncated><difficult>0</difficult><occluded>0</occluded><bndbox><xmin>34</xmin><xmax>434</xmax><ymin>282</ymin><ymax>480</ymax></bndbox></object><object><name>score</name><pose>0</pose><truncated>0</truncated><difficult>0</difficult><occluded>0</occluded><bndbox><xmin>45</xmin><xmax>362</xmax><ymin>295</ymin><ymax>403</ymax></bndbox></object></annotation>