<annotation><filename>54.png</filename><size><width>400</width><height>600</height><depth>3</depth></size><object><name>score</name><pose>0</pose><truncated>0</truncated><difficult>0</difficult><occluded>0</occluded><bndbox><xmin>35</xmin><xmax>67</xmax><ymin>283</ymin><ymax>107</ymax></bndbox></object><object><name>score</name><pose>0</pose><truncated>0</truncated><difficult>0</difficult><occluded>0</occluded><bndbox><xmin>83</xmin><xmax>320</xmax><ymin>331</ymin><ymax>360</ymax></bndbox></object><object><name>score</name><pose>0</pose><truncated>0</truncated><difficult>0</difficult><occluded>0</occluded><bndbox><xmin>54</xmin><xmax>144</xmax><ymin>296</ymin><ymax>203</ymax></bndbox></object><object><name>score</name><pose>0</pose><truncated>0</truncated><difficult>0</difficult><occluded>0</occluded><bndbox><xmin>127</xmin><xmax>0</xmax><ymin>374</ymin><ymax>54</ymax></bndbox></object><object><name>score</name><pose>0</pose><truncated>0</truncated><difficult>0</difficult><occluded>0</occluded><bndbox><xmin>116</xmin><xmax>205</xmax><ymin>367</ymin><ymax>247</ymax></bndbox></object><object><name>score</name><pose>0</pose><truncated>0</truncated><difficult>0</difficult><occluded>0</occluded><bndbox><xmin>58</xmin><xmax>362</xmax><ymin>317</ymin><ymax>419</ymax></bndbox></object><object><name>score</name><pose>0</pose><truncated>0</truncated><difficult>0</difficult><occluded>0</occluded><bndbox><xmin>52</xmin><xmax>495</xmax><ymin>307</ymin><ymax>544</ymax></bndbox></object></annotation>