<annotation><filename>542.png</filename><size><width>400</width><height>600</height><depth>3</depth></size><object><name>score</name><pose>0</pose><truncated>0</truncated><difficult>0</difficult><occluded>0</occluded><bndbox><xmin>69</xmin><xmax>2</xmax><ymin>311</ymin><ymax>56</ymax></bndbox></object><object><name>score</name><pose>0</pose><truncated>0</truncated><difficult>0</difficult><occluded>0</occluded><bndbox><xmin>37</xmin><xmax>125</xmax><ymin>288</ymin><ymax>182</ymax></bndbox></object></annotation>