<annotation><filename>543.png</filename><size><width>400</width><height>600</height><depth>3</depth></size><object><name>score</name><pose>0</pose><truncated>0</truncated><difficult>0</difficult><occluded>0</occluded><bndbox><xmin>121</xmin><xmax>200</xmax><ymin>364</ymin><ymax>257</ymax></bndbox></object><object><name>score</name><pose>0</pose><truncated>0</truncated><difficult>0</difficult><occluded>0</occluded><bndbox><xmin>84</xmin><xmax>486</xmax><ymin>324</ymin><ymax>536</ymax></bndbox></object><object><name>score</name><pose>0</pose><truncated>0</truncated><difficult>0</difficult><occluded>0</occluded><bndbox><xmin>17</xmin><xmax>134</xmax><ymin>270</ymin><ymax>178</ymax></bndbox></object><object><name>score</name><pose>0</pose><truncated>0</truncated><difficult>0</difficult><occluded>0</occluded><bndbox><xmin>72</xmin><xmax>80</xmax><ymin>331</ymin><ymax>134</ymax></bndbox></object><object><name>score</name><pose>0</pose><truncated>0</truncated><difficult>0</difficult><occluded>0</occluded><bndbox><xmin>73</xmin><xmax>442</xmax><ymin>324</ymin><ymax>488</ymax></bndbox></object></annotation>